playerId,player,position,number,club,clubCountry,birthdayDate,birthDay,birthMonth,birthYear,age,height,country,caps,goalScore
336722,ALAN PULIDO,Forward,11,TIGRES UANL,Mexico,08.03.1991,08,03,1991,23,176,Mexico,5,4
368902,ADAM TAGGART,Forward,9,NEWCASTLE UNITED JETS FC,Australia,02.06.1993,02,06,1993,21,172,Australia,4,3
362641,REZA GHOOCHANNEJAD,Forward,16,CHARLTON ATHLETIC FC,England,20.09.1987,20,09,1987,26,181,Iran,13,9
314197,NEYMAR,Forward,10,FC BARCELONA,Spain,05.02.1992,05,02,1992,22,175,Brazil,48,31
212306,DIDIER DROGBA,Forward,11,GALATASARAY SK,Turkey,11.03.1978,11,03,1978,36,180,Ivory Coast,100,61
229884,DAVID VILLA,Forward,7,ATLETICO MADRID,Spain,03.12.1981,03,12,1981,32,175,Spain,95,56
305372,ABEL HERNANDEZ,Forward,8,US CITTA DI PALERMO,Italy,08.08.1990,08,08,1990,23,186,Uruguay,12,7
228599,JAVIER HERNANDEZ,Forward,14,MANCHESTER UNITED FC,England,01.06.1988,01,06,1988,26,175,Mexico,61,35
300409,EDIN DZEKO,Forward,11,MANCHESTER CITY FC,England,17.03.1986,17,03,1986,28,192,Bosnia & Herzegovina,62,35
184615,KLAAS JAN HUNTELAAR,Forward,19,FC SCHALKE 04,Germany,12.08.1983,12,08,1983,30,187,Netherlands,61,34
271550,GONZALO HIGUAIN,Forward,9,SSC NAPOLI,Italy,10.12.1987,10,12,1987,26,184,Argentina,36,20
227851,ORIBE PERALTA,Forward,19,CLUB SANTOS LAGUNA,Mexico,12.01.1984,12,01,1984,30,177,Mexico,27,15
354859,ISLAM SLIMANI,Forward,13,SPORTING CP,Portugal,18.06.1988,18,06,1988,26,188,Algeria,19,10
182206,MIROSLAV KLOSE,Forward,11,SS LAZIO,Italy,09.06.1978,09,06,1978,36,182,Germany,131,68
217315,ROBIN VAN PERSIE,Forward,9,MANCHESTER UNITED FC,England,06.08.1983,06,08,1983,30,186,Netherlands,84,43
286278,SHINJI OKAZAKI,Forward,9,FSV MAINZ 05,Germany,16.04.1986,16,04,1986,28,174,Japan,75,38
270775,LUIS SUAREZ,Forward,9,LIVERPOOL FC,England,24.01.1987,24,01,1987,27,181,Uruguay,77,39
233952,FRED,Forward,9,FLUMINENSE FC,Brazil,03.10.1983,03,10,1983,30,186,Brazil,32,16
312316,ERIC CHOUPO MOTING,Forward,13,FSV MAINZ 05,Germany,23.03.1989,23,03,1989,25,190,Cameroon,26,13
356411,FABIAN SCHAER,Defender,22,FC BASEL,Switzerland,20.12.1991,20,12,1991,22,186,Switzerland,6,3
338673,UCHE NWOFOR,Forward,19,SC HEERENVEEN,Netherlands,17.09.1991,17,09,1991,22,177,Nigeria,6,3
373224,RICKIE LAMBERT,Forward,18,SOUTHAMPTON FC,England,16.02.1982,16,02,1982,32,188,England,4,2
379894,MIIKO ALBORNOZ,Defender,3,MALMO FF,Sweden,30.11.1990,30,11,1990,23,180,Chile,2,1
208353,ASAMOAH GYAN,Forward,3,AL AIN FC,United Arab Emirates,22.11.1985,22,11,1985,28,186,Ghana,77,38
296994,EL ARABI SOUDANI,Forward,15,GNK DINAMO ZAGREB,Croatia,25.11.1987,25,11,1987,26,177,Algeria,21,10
339508,CHRIS WONDOLOWSKI,Forward,18,SAN JOSE EARTHQUAKES,USA,28.01.1983,28,01,1983,31,182,USA,19,9
213001,TIM CAHILL,Forward,4,NEW YORK RED BULLS,USA,06.12.1979,06,12,1979,34,180,Australia,68,32
214384,EDUARDO_1,Forward,22,SHAKHTAR DONETSK,Ukraine,25.02.1983,25,02,1983,31,177,Croatia,62,29
170667,SAMUEL ETOO,Forward,9,CHELSEA FC,England,10.03.1981,10,03,1981,33,181,Cameroon,117,54
271414,CARLO COSTLY,Forward,13,REAL ESPANA,Honduras,18.07.1982,18,07,1982,31,190,Honduras,68,31
275096,YOICHIRO KAKITANI,Forward,11,CEREZO OSAKA,Japan,03.01.1990,03,01,1990,24,177,Japan,11,5
270301,EDUARDO VARGAS,Forward,11,VALENCIA CF,Spain,20.11.1989,20,11,1989,24,175,Chile,29,13
201200,CRISTIANO RONALDO,Forward,7,REAL MADRID CF,Spain,05.02.1985,05,02,1985,29,185,Portugal,110,49
323623,JERRY BENGTSON,Forward,11,NEW ENGLAND REVOLUTION,USA,08.04.1987,08,04,1987,27,187,Honduras,43,19
229397,LIONEL MESSI,Forward,10,FC BARCELONA,Spain,24.06.1987,24,06,1987,26,169,Argentina,84,37
235097,MUBARAK WAKASO,Midfielder,22,FC RUBIN KAZAN,Russia,25.07.1990,25,07,1990,23,171,Ghana,16,7
356399,JOSIP DRMIC,Forward,19,1. FC NUERNBERG,Germany,08.08.1992,08,08,1992,21,182,Switzerland,7,3
196842,WAYNE ROONEY,Forward,10,MANCHESTER UNITED FC,England,24.10.1985,24,10,1985,28,176,England,90,38
228528,SERGIO AGUERO,Forward,20,MANCHESTER CITY FC,England,02.06.1988,02,06,1988,26,172,Argentina,50,21
309716,TEOFILO GUTIERREZ,Forward,9,CA RIVER PLATE,Argentina,17.05.1985,17,05,1985,29,180,Columbia,29,12
301059,MARIO BALOTELLI,Forward,9,AC MILAN,Italy,12.08.1990,12,08,1990,23,189,Italy,29,12
364763,EMMANUEL EMENIKE,Forward,9,FENERBAHCE SK,Turkey,10.05.1987,10,05,1987,27,182,Nigeria,22,9
196789,LUKAS PODOLSKI,Forward,10,ARSENAL FC,England,04.06.1985,04,06,1985,29,180,Germany,113,46
187203,HELDER POSTIGA,Forward,23,SS LAZIO,Italy,02.08.1982,02,08,1982,31,182,Portugal,67,27
367261,NABIL GHILAS,Forward,9,FC PORTO,Portugal,20.04.1990,20,04,1990,24,183,Algeria,5,2
207761,PARK CHUYOUNG,Forward,10,WATFORD FC,England,10.07.1985,10,07,1985,28,183,South Korea,62,24
306548,ANDRE SCHUERRLE,Forward,9,CHELSEA FC,England,06.11.1990,06,11,1990,23,184,Germany,32,12
275136,YUYA OSAKO,Forward,18,TSV 1860 MUENCHEN,Germany,18.05.1990,18,05,1990,24,182,Japan,8,3
300411,VEDAD IBISEVIC,Forward,9,VFB STUTTGART,Germany,06.08.1984,06,08,1984,29,189,Bosnia & Herzegovina,55,20
233500,KEISUKE HONDA,Forward,4,AC MILAN,Italy,13.06.1986,13,06,1986,28,182,Japan,55,20
274034,DANNY WELBECK,Forward,11,MANCHESTER UNITED FC,England,26.11.1990,26,11,1990,23,184,England,22,8
306532,DANIEL STURRIDGE,Forward,9,LIVERPOOL FC,England,01.09.1989,01,09,1989,24,179,England,11,4
319470,MARIO GAVRANOVIC,Forward,17,FC ZUERICH,Switzerland,24.11.1989,24,11,1989,24,175,Switzerland,11,4
318601,PEDRO RODRIGUEZ,Forward,11,FC BARCELONA,Spain,28.07.1987,28,07,1987,26,169,Spain,39,14
319311,MARCO FABIAN,Midfielder,8,CRUZ AZUL FC,Mexico,21.07.1989,21,07,1989,24,171,Mexico,14,5
321722,THOMAS MUELLER,Forward,13,FC BAYERN MUENCHEN,Germany,13.09.1989,13,09,1989,24,186,Germany,48,17
214135,PIERRE WEBO,Forward,15,FENERBAHCE SK,Turkey,20.01.1982,20,01,1982,32,180,Cameroon,54,19
352394,MARCO REUS,Forward,21,BORUSSIA DORTMUND,Germany,31.05.1989,31,05,1989,25,180,Germany,20,7
207851,CLINT DEMPSEY,Forward,8,SEATTLE SOUNDERS FC,USA,09.03.1983,09,03,1983,31,185,USA,103,36
353118,WILFRIED BONY,Forward,12,SWANSEA CITY AFC,England,10.12.1988,10,12,1988,25,182,Ivory Coast,23,8
230517,THEOFANIS GEKAS,Forward,17,KONYASPOR,Turkey,23.05.1980,23,05,1980,34,179,Greece,71,24
183864,FERNANDO TORRES,Forward,9,CHELSEA FC,England,20.03.1984,20,03,1984,30,186,Spain,107,36
216970,SALOMON KALOU,Forward,8,LILLE OSC,France,05.08.1985,05,08,1985,28,175,Ivory Coast,66,22
228627,ALEXIS SANCHEZ,Forward,7,FC BARCELONA,Spain,19.12.1988,19,12,1988,25,169,Chile,66,22
291393,KOO JACHEOL,Forward,13,FSV MAINZ 05,Germany,27.02.1989,27,02,1989,25,182,South Korea,36,12
298681,JEREMAIN LENS,Forward,17,FC DYNAMO KYIV,Ukraine,24.11.1987,24,11,1987,26,178,Netherlands,21,7
229506,CRISTHIAN STUANI,Forward,11,RCD ESPANYOL,Spain,12.10.1986,12,10,1986,27,186,Uruguay,9,3
373400,ENNER VALENCIA,Forward,13,CF PACHUCA,Mexico,04.11.1989,04,11,1989,24,179,Ecuador,9,3
186455,SHOLA AMEOBI,Forward,23,NEWCASTLE UNITED FC,England,12.10.1981,12,10,1981,32,188,Nigeria,6,2
218306,WILLIAN,Midfielder,19,CHELSEA FC,England,09.08.1988,09,08,1988,25,176,Brazil,6,2
358891,OLEG SHATOV,Midfielder,17,FC ZENIT ST. PETERSBURG,Russia,29.07.1990,29,07,1990,23,176,Russia,6,2
306900,OKECHUKWU UCHEBO,Forward,20,CERCLE BRUGGE,Belgium,03.02.1990,03,02,1990,24,194,Nigeria,3,1
336435,ANTOINE GRIEZMANN,Forward,11,REAL SOCIEDAD,Spain,21.03.1991,21,03,1991,23,175,France,3,1
189259,DIEGO FORLAN,Forward,10,CEREZO OSAKA,Japan,19.05.1979,19,05,1979,35,181,Uruguay,109,36
267834,EDINSON CAVANI,Forward,21,PARIS SAINT-GERMAIN FC,France,14.02.1987,14,02,1987,27,188,Uruguay,61,20
268596,SHINJI KAGAWA,Forward,10,MANCHESTER UNITED FC,England,17.03.1989,17,03,1989,25,172,Japan,56,18
214410,HUGO ALMEIDA,Forward,9,BESIKTAS JK,Turkey,23.05.1984,23,05,1984,30,193,Portugal,54,17
305036,MESUT OEZIL,Midfielder,8,ARSENAL FC,England,15.10.1988,15,10,1988,25,180,Germany,54,17
186808,ALEKSANDR KERZHAKOV,Forward,11,FC ZENIT ST. PETERSBURG,Russia,27.11.1982,27,11,1982,31,175,Russia,80,25
217172,JO,Forward,21,ATLETICO MINEIRO,Brazil,20.03.1987,20,03,1987,27,191,Brazil,16,5
358112,ROMELU LUKAKU,Forward,9,EVERTON FC,England,13.05.1993,13,05,1993,21,190,Belgium,29,9
216071,ZVJEZDAN MISIMOVIC,Midfielder,10,GUIZHOU RENHE FC,China,05.06.1982,05,06,1982,32,180,Bosnia & Herzegovina,81,25
196812,ASHKAN DEJAGAH,Forward,21,FULHAM FC,England,05.07.1986,05,07,1986,27,182,Iran,13,4
228715,FELIPE CAICEDO,Forward,11,AL JAZIRA SCC,United Arab Emirates,05.09.1988,05,09,1988,25,183,Ecuador,49,15
270144,MARCOS URENA,Forward,21,KUBAN KRASNODAR,Russia,05.03.1990,05,03,1990,24,179,Costa Rica,23,7
349572,JAIMEN AYOVI,Forward,17,CLUB TIJUANA,Mexico,21.02.1988,21,02,1988,26,186,Ecuador,30,9
312868,OSCAR,Midfielder,11,CHELSEA FC,England,09.09.1991,09,09,1991,22,181,Brazil,30,9
349512,CARLOS BACCA,Forward,17,SEVILLA FC,Spain,08.09.1986,08,09,1986,27,181,Columbia,10,3
366573,SAPHIR TAIDER,Midfielder,19,FC INTERNAZIONALE,Italy,29.02.1992,29,02,1992,22,179,Algeria,10,3
184616,ARJEN ROBBEN,Forward,11,FC BAYERN MUENCHEN,Germany,23.01.1984,23,01,1984,30,180,Netherlands,74,22
313832,JACKSON MARTINEZ,Forward,21,FC PORTO,Portugal,03.10.1986,03,10,1986,27,186,Columbia,27,8
330689,JI DONGWON,Midfielder,19,FC AUGSBURG,Germany,28.05.1991,28,05,1991,23,186,South Korea,27,8
238072,JOZY ALTIDORE,Forward,17,SUNDERLAND AFC,England,06.11.1989,06,11,1989,24,185,USA,68,20
313874,ESTEBAN PAREDES,Forward,22,CSD COLO-COLO,Chile,01.08.1980,01,08,1980,33,179,Chile,34,10
297383,ROMAN SHIROKOV,Midfielder,15,FC KRASNODAR,Russia,06.07.1981,06,07,1981,32,183,Russia,41,12
297103,KARIM BENZEMA,Forward,10,REAL MADRID CF,Spain,19.12.1987,19,12,1987,26,185,France,65,19
297839,KONAN YA,Midfielder,13,HANNOVER 96,Germany,22.05.1984,22,05,1984,30,174,Ivory Coast,24,7
268149,LEE KEUNHO,Forward,11,SANGJU SANGMU FC,South Korea,11.04.1985,11,04,1985,29,177,South Korea,63,18
274090,VICTOR MOSES,Forward,11,LIVERPOOL FC,England,12.12.1990,12,12,1990,23,177,Nigeria,21,6
184291,MAXI RODRIGUEZ,Midfielder,11,CA NEWELLS OLD BOYS,Argentina,02.01.1981,02,01,1981,33,180,Argentina,53,15
185385,FRANK LAMPARD,Midfielder,8,CHELSEA FC,England,20.06.1978,20,06,1978,36,181,England,103,29
307529,JOEL CAMPBELL,Forward,9,OLYMPIACOS PIRAEUS FC,Greece,26.06.1992,26,06,1992,21,178,Costa Rica,32,9
177927,ANTONIO CASSANO,Forward,10,PARMA FC,Italy,12.07.1982,12,07,1982,31,175,Italy,36,10
319358,SOFIANE FEGHOULI,Forward,10,VALENCIA CF,Spain,26.12.1989,26,12,1989,24,177,Algeria,18,5
267811,JUAN MATA,Forward,13,MANCHESTER UNITED FC,England,28.04.1988,28,04,1988,26,171,Spain,33,9
321653,XHERDAN SHAQIRI,Midfielder,23,FC BAYERN MUENCHEN,Germany,10.10.1991,10,10,1991,22,169,Switzerland,33,9
185641,JAVAD NEKOUNAM,Midfielder,6,KUWAIT SC,Kuwait,07.09.1980,07,09,1980,33,188,Iran,137,37
215002,WESLEY SNEIJDER,Midfielder,10,GALATASARAY SK,Turkey,09.06.1984,09,06,1984,30,171,Netherlands,98,26
375518,MARIO MANDZUKIC,Forward,17,FC BAYERN MUENCHEN,Germany,21.05.1986,21,05,1986,28,188,Croatia,49,13
318172,HULK,Forward,7,FC ZENIT ST. PETERSBURG,Russia,25.07.1986,25,07,1986,27,179,Brazil,34,9
183000,SULLEY MUNTARI,Midfielder,11,AC MILAN,Italy,27.08.1984,27,08,1984,29,179,Ghana,80,21
318768,KONSTANTINOS MITROGLOU,Forward,9,FULHAM FC,England,12.03.1988,12,03,1988,26,188,Greece,31,8
200176,DAVID SILVA,Midfielder,21,MANCHESTER CITY FC,England,08.01.1986,08,01,1986,28,170,Spain,79,20
290186,GERVINHO,Forward,10,AS ROMA,Italy,27.05.1987,27,05,1987,27,179,Ivory Coast,52,13
302539,ALAN DZAGOEV,Midfielder,10,CSKA MOSCOW,Russia,17.06.1990,17,06,1990,24,178,Russia,32,8
309316,MARIO GOETZE,Forward,19,FC BAYERN MUENCHEN,Germany,03.06.1992,03,06,1992,22,176,Germany,28,7
307849,SON HEUNGMIN,Midfielder,9,BAYER 04 LEVERKUSEN,Germany,08.07.1992,08,07,1992,21,183,South Korea,24,6
367393,MAJEED WARIS,Forward,18,VALENCIENNES FC,France,19.09.1991,19,09,1991,22,172,Ghana,12,3
375459,FIDEL MARTINEZ,Midfielder,20,CLUB TIJUANA,Mexico,15.02.1990,15,02,1990,24,176,Ecuador,8,2
367347,ARON JOHANNSSON,Forward,9,AZ ALKMAAR,Netherlands,10.11.1990,10,11,1990,23,182,USA,8,2
356403,IZET HAJROVIC,Midfielder,20,GALATASARAY SK,Turkey,04.08.1991,04,08,1991,22,177,Bosnia & Herzegovina,8,2
275112,MANABU SAITO,Forward,20,YOKOHAMA F-MARINOS,Japan,04.04.1990,04,04,1990,24,169,Japan,4,1
319438,GEORGINIO WIJNALDUM,Midfielder,20,PSV EINDHOVEN,Netherlands,11.11.1990,11,11,1990,23,175,Netherlands,4,1
359235,LORENZO INSIGNE,Forward,22,SSC NAPOLI,Italy,04.06.1991,04,06,1991,23,163,Italy,4,1
379972,ACQUAH AFRIYIE,Midfielder,6,PARMA FC,Italy,01.05.1992,01,05,1992,22,162,Ghana,4,1
369058,ANTE REBIC,Forward,16,ACF FIORENTINA,Italy,21.09.1993,21,09,1993,20,185,Croatia,4,1
217313,DIRK KUYT,Forward,15,FENERBAHCE SK,Turkey,22.07.1980,22,07,1980,33,184,Netherlands,98,24
358015,OLIVIER GIROUD,Forward,9,ARSENAL FC,England,30.09.1986,30,09,1986,27,192,France,29,7
358048,ALEXANDER KOKORIN,Forward,9,FC DYNAMO MOSCOW,Russia,19.03.1991,19,03,1991,23,182,Russia,21,5
196752,BASTIAN SCHWEINSTEIGER,Midfielder,7,FC BAYERN MUENCHEN,Germany,01.08.1984,01,08,1984,29,183,Germany,101,23
358120,KEVIN DE BRUYNE,Midfielder,7,VFL WOLFSBURG,Germany,28.06.1991,28,06,1991,22,181,Belgium,22,5
330659,KARIM ANSARI FARD,Forward,10,TRACTOR SAZI TABRIZ FC,Iran,03.04.1990,03,04,1990,24,185,Iran,40,9
300235,VICTOR FAYZULIN,Midfielder,20,FC ZENIT ST. PETERSBURG,Russia,22.04.1986,22,04,1986,28,176,Russia,18,4
213953,JERRY PALACIOS,Midfielder,9,LD ALAJUELENSE,Costa Rica,13.05.1982,13,05,1982,32,181,Honduras,23,5
356198,ALEX OXLADE CHAMBERLAIN,Midfielder,15,ARSENAL FC,England,15.08.1993,15,08,1993,20,180,England,14,3
236530,CELSO BORGES,Midfielder,5,AIK SOLNA,Sweden,27.05.1988,27,05,1988,26,184,Costa Rica,61,13
214876,BRYAN RUIZ,Forward,10,PSV EINDHOVEN,Netherlands,18.08.1985,18,08,1985,28,187,Costa Rica,62,13
299878,LOIC REMY,Forward,20,NEWCASTLE UNITED FC,England,02.01.1987,02,01,1987,27,185,France,24,5
234551,GIOVANI DOS SANTOS,Forward,10,VILLARREAL CF,Spain,11.05.1989,11,05,1989,25,179,Mexico,73,15
237058,RANDALL BRENES,Forward,14,CSD CARTAGINES,Costa Rica,13.08.1983,13,08,1983,30,170,Costa Rica,39,8
290452,JEFFERSON MONTERO,Midfielder,7,CA MONARCAS MORELIA,Mexico,01.09.1989,01,09,1989,24,170,Ecuador,39,8
290903,KEVIN MIRALLAS,Forward,11,EVERTON FC,England,05.10.1987,05,10,1987,26,179,Belgium,44,9
266800,ANGEL DI MARIA,Midfielder,7,REAL MADRID CF,Spain,14.02.1988,14,02,1988,26,178,Argentina,45,9
362727,PAULINHO,Midfielder,8,TOTTENHAM HOTSPUR FC,England,25.07.1988,25,07,1988,25,181,Brazil,25,5
306954,JORDI ALBA,Defender,18,FC BARCELONA,Spain,21.03.1989,21,03,1989,25,170,Spain,25,5
367388,PAUL POGBA,Midfielder,19,JUVENTUS FC,Italy,15.03.1993,15,03,1993,21,192,France,10,2
359217,MARCO VERRATTI,Midfielder,23,PARIS SAINT-GERMAIN FC,France,05.11.1992,05,11,1992,21,168,Italy,5,1
379886,ALIREZA JAHAN BAKHSH,Forward,9,NEC NIJMEGEN,Netherlands,11.08.1993,11,08,1993,20,181,Iran,5,1
187258,IVICA OLIC,Forward,18,VFL WOLFSBURG,Germany,14.09.1979,14,09,1979,34,183,Croatia,91,18
248373,FRANCK RIBERY,Forward,7,FC BAYERN MUENCHEN,Germany,07.04.1983,07,04,1983,31,175,France,81,16
198106,YAYA TOURE,Midfielder,19,MANCHESTER CITY FC,England,13.05.1983,13,05,1983,31,189,Ivory Coast,82,16
254167,NANI,Forward,17,MANCHESTER UNITED FC,England,17.11.1986,17,11,1986,27,175,Portugal,73,14
214961,STEVEN GERRARD,Midfielder,4,LIVERPOOL FC,England,30.05.1980,30,05,1980,34,185,England,110,21
269058,JAMES RODRIGUEZ,Midfielder,10,AS MONACO,France,12.07.1991,12,07,1991,22,180,Columbia,21,4
210704,DARIJO SRNA,Defender,11,SHAKHTAR DONETSK,Ukraine,01.05.1982,01,05,1982,32,182,Croatia,111,21
216435,ALEXANDER SAMEDOV,Forward,19,FC LOKOMOTIV MOSCOW,Russia,19.07.1984,19,07,1984,29,178,Russia,16,3
254166,VARELA,Forward,18,FC PORTO,Portugal,02.02.1985,02,02,1985,29,180,Portugal,22,4
355997,CHRISTIAN ATSU,Midfielder,7,VITESSE ARNHEIM,Netherlands,10.01.1992,10,01,1992,22,165,Ghana,22,4
178299,MARK BRESCIANO,Midfielder,23,AL GHARAFA SC,Qatar,11.02.1980,11,02,1980,34,182,Australia,73,13
297705,SANTI CAZORLA,Midfielder,20,ARSENAL FC,England,13.12.1984,13,12,1984,29,169,Spain,63,11
356731,RAUL JIMENEZ,Forward,9,CLUB AMERICA,Mexico,05.05.1991,05,05,1991,23,186,Mexico,23,4
215513,DIMITRIOS SALPINGIDIS,Forward,14,PAOK FC,Greece,18.08.1981,18,08,1981,32,171,Greece,75,13
214228,PETER ODEMWINGIE,Forward,8,STOKE CITY FC,England,15.07.1981,15,07,1981,32,181,Nigeria,60,10
299198,MIRALEM PJANIC,Midfielder,8,AS ROMA,Italy,02.04.1990,02,04,1990,24,180,Bosnia & Herzegovina,48,8
358024,IOANNIS FETFATZIDIS,Forward,18,GENOA CFC,Italy,21.12.1990,21,12,1990,23,164,Greece,18,3
367913,DANTE,Defender,13,FC BAYERN MUENCHEN,Germany,18.10.1983,18,10,1983,30,189,Brazil,12,2
196897,KEVIN PRINCE BOATENG,Forward,9,FC SCHALKE 04,Germany,06.03.1987,06,03,1987,27,182,Ghana,12,2
371044,MIGUEL LAYUN,Defender,7,CLUB AMERICA,Mexico,25.06.1988,25,06,1988,25,178,Mexico,12,2
353235,JORDAN AYEW,Forward,13,FC SOCHAUX-MONTBLIARD,France,11.09.1991,11,09,1991,22,160,Ghana,12,2
208016,FERNANDINHO,Midfielder,5,MANCHESTER CITY FC,England,04.05.1985,04,05,1985,29,179,Brazil,6,1
316997,ENZO PEREZ,Midfielder,8,SL BENFICA,Portugal,22.02.1986,22,02,1986,28,177,Argentina,6,1
356407,MICHAEL LANG,Defender,6,GRASSHOPPER CLUB,Switzerland,08.02.1991,08,02,1991,23,185,Switzerland,6,1
178842,EDISON MENDEZ,Midfielder,8,INDEPENDIENTE SANTA FE,Columbia,16.03.1979,16,03,1979,35,175,Ecuador,110,18
290902,MAROUANE FELLAINI,Midfielder,8,MANCHESTER UNITED FC,England,22.11.1987,22,11,1987,26,194,Belgium,50,8
201787,MAURICIO PINILLA,Forward,9,CAGLIARI CALCIO,Italy,04.02.1984,04,02,1984,30,185,Chile,25,4
209119,DANIELE DE ROSSI,Midfielder,16,AS ROMA,Italy,24.07.1983,24,07,1983,30,182,Italy,94,15
175524,MICHAEL ESSIEN,Midfielder,5,AC MILAN,Italy,03.12.1982,03,12,1982,31,180,Ghana,57,9
312672,MIX DISKERUD,Midfielder,10,ROSENBORG BK,Norway,02.10.1990,02,10,1990,23,182,USA,19,3
316117,NIKICA JELAVIC,Forward,9,HULL CITY FC,England,27.08.1985,27,08,1985,28,187,Croatia,32,5
311558,GRANIT XHAKA,Midfielder,10,BORUSSIA MOENCHENGLADBACH,Germany,27.09.1992,27,09,1992,21,183,Switzerland,26,4
217117,CARLOS VALDES,Defender,23,CA SAN LORENZO DE ALMAGRO,Argentina,22.05.1985,22,05,1985,29,189,Columbia,13,2
297106,MATHIEU VALBUENA,Midfielder,8,OLYMPIQUE MARSEILLE,France,28.09.1984,28,09,1984,29,167,France,33,5
267543,ARTURO VIDAL,Midfielder,8,JUVENTUS FC,Italy,22.05.1987,22,05,1987,27,178,Chile,53,8
358108,NACER CHADLI,Midfielder,22,TOTTENHAM HOTSPUR FC,England,02.08.1989,02,08,1989,24,187,Belgium,20,3
274946,EMMANUEL AGYEMANG BADU,Midfielder,8,UDINESE CALCIO,Italy,02.12.1990,02,12,1990,23,173,Ghana,47,7
175498,DAMARCUS BEASLEY,Defender,7,PUEBLA FC,Mexico,24.05.1982,24,05,1982,32,170,USA,115,17
200179,CESC FABREGAS,Midfielder,10,FC BARCELONA,Spain,04.05.1987,04,05,1987,27,175,Spain,88,13
296633,IVAN RAKITIC,Midfielder,7,SEVILLA FC,Spain,10.03.1988,10,03,1988,26,184,Croatia,61,9
212410,KWAK TAEHWI,Defender,4,AL HILAL FC,Saudi Arabia,08.07.1981,08,07,1981,32,185,South Korea,34,5
215623,ALBERTO AQUILANI,Midfielder,14,ACF FIORENTINA,Italy,07.07.1984,07,07,1984,29,184,Italy,34,5
233531,MICHAEL BRADLEY,Midfielder,4,TORONTO FC,Canada,31.07.1987,31,07,1987,26,185,USA,84,12
233167,HARIS MEDUNJANIN,Midfielder,18,GAZIANTEPSPOR,Turkey,08.03.1985,08,03,1985,29,188,Bosnia & Herzegovina,35,5
207906,JUANFRAN,Defender,5,ATLETICO MADRID,Spain,09.01.1985,09,01,1985,29,180,Spain,7,1
298892,AUGUSTO FERNANDEZ,Midfielder,13,CELTA VIGO,Spain,10.04.1986,10,04,1986,28,177,Argentina,7,1
354875,ABDELMOUMENE DJABOU,Forward,18,CLUB AFRICAIN,Tunisia,31.01.1987,31,01,1987,27,168,Algeria,7,1
372989,ERMIN BICAKCIC,Defender,3,EINTRACHT BRAUNSCHWEIG,Germany,24.01.1990,24,01,1990,24,185,Bosnia & Herzegovina,7,1
321697,MATHEW LECKIE,Forward,7,FSV FRANKFURT,Germany,04.02.1991,04,02,1991,23,181,Australia,7,1
367396,FABRICE OLINGA,Forward,19,SV ZULTE WAREGEM,Belgium,12.05.1996,12,05,1996,18,177,Cameroon,7,1
251352,ANDRES GUARDADO,Defender,18,BAYER 04 LEVERKUSEN,Germany,28.09.1986,28,09,1986,27,167,Mexico,101,14
229392,EZEQUIEL LAVEZZI,Forward,22,PARIS SAINT-GERMAIN FC,France,03.05.1985,03,05,1985,29,173,Argentina,29,4
207528,XABI ALONSO,Midfielder,14,REAL MADRID CF,Spain,25.11.1981,25,11,1981,32,183,Spain,109,15
210214,RAUL MEIRELES,Midfielder,16,FENERBAHCE SK,Turkey,17.03.1983,17,03,1983,31,179,Portugal,73,10
360728,GRAHAM ZUSI,Midfielder,19,SPORTING KANSAS CITY,USA,18.08.1986,18,08,1986,27,177,USA,22,3
209979,TRANQUILLO BARNETTA,Midfielder,7,EINTRACHT FRANKFURT,Germany,22.05.1985,22,05,1985,29,178,Switzerland,74,10
344714,AHMED MUSA,Forward,7,CSKA MOSCOW,Russia,14.10.1992,14,10,1992,21,176,Nigeria,37,5
273996,EDEN HAZARD,Midfielder,10,CHELSEA FC,England,07.01.1991,07,01,1991,23,172,Belgium,45,6
218284,MARCELO,Defender,6,REAL MADRID CF,Spain,12.05.1988,12,05,1988,26,174,Brazil,30,4
358736,BRUNO MARTINS INDI,Defender,4,FEYENOORD ROTTERDAM,Netherlands,08.02.1992,08,02,1992,22,186,Netherlands,15,2
305764,GARY CAHILL,Defender,5,CHELSEA FC,England,19.12.1985,19,12,1985,28,191,England,23,3
210213,BRUNO ALVES,Defender,2,FENERBAHCE SK,Turkey,27.11.1981,27,11,1981,32,187,Portugal,71,9
375523,DANIEL VAN BUYTEN,Defender,15,FC BAYERN MUENCHEN,Germany,07.02.1978,07,02,1978,36,196,Belgium,79,10
178119,RAFAEL MARQUEZ,Defender,4,CLUB LEON,Mexico,13.02.1979,13,02,1979,35,184,Mexico,119,15
183857,ANDRES INIESTA,Midfielder,6,FC BARCELONA,Spain,11.05.1984,11,05,1984,30,170,Spain,96,12
297331,VALENTIN STOCKER,Midfielder,14,FC BASEL,Switzerland,12.04.1989,12,04,1989,25,179,Switzerland,24,3
349592,EUGENIO MENA,Defender,2,SANTOS FC,Brazil,18.07.1988,18,07,1988,25,174,Chile,24,3
296118,BENJAMIN MOUKANDJO,Forward,8,AS NANCY,France,12.11.1988,12,11,1988,25,178,Cameroon,16,2
349517,VICTOR IBARBO,Forward,14,CAGLIARI CALCIO,Italy,19.05.1990,19,05,1990,24,188,Columbia,8,1
177876,ANDREA PIRLO,Midfielder,21,JUVENTUS FC,Italy,19.05.1979,19,05,1979,35,177,Italy,108,13
353119,MAX GRADEL,Midfielder,15,AS SAINT-ETIENNE,France,30.11.1987,30,11,1987,26,177,Ivory Coast,25,3
275162,TONI KROOS,Midfielder,18,FC BAYERN MUENCHEN,Germany,04.01.1990,04,01,1990,24,182,Germany,43,5
358049,DENIS GLUSHAKOV,Midfielder,8,FC SPARTAK MOSCOW,Russia,27.01.1987,27,01,1987,27,182,Russia,26,3
305378,NICOLAS LODEIRO,Midfielder,14,BOTAFOGO FR,Brazil,21.03.1989,21,03,1989,25,173,Uruguay,26,3
202544,ANTONIO VALENCIA,Midfielder,16,MANCHESTER UNITED FC,England,04.08.1985,04,08,1985,28,180,Ecuador,70,8
184545,SEGUNDO CASTILLO,Midfielder,14,AL HILAL FC,Saudi Arabia,15.05.1982,15,05,1982,32,180,Ecuador,81,9
216567,CRISTIAN RODRIGUEZ,Midfielder,7,ATLETICO MADRID,Spain,30.09.1985,30,09,1985,28,178,Uruguay,72,8
268414,LEE CHUNGYONG,Midfielder,17,BOLTON WANDERERS FC,England,02.07.1988,02,07,1988,25,180,South Korea,54,6
289195,PAUL AGUILAR,Defender,22,CLUB AMERICA,Mexico,06.03.1986,06,03,1986,28,178,Mexico,27,3
321745,KIM SHINWOOK,Forward,18,ULSAN HYUNDAI FC,South Korea,14.04.1988,14,04,1988,26,196,South Korea,27,3
309714,JUAN CUADRADO,Midfielder,11,ACF FIORENTINA,Italy,26.05.1988,26,05,1988,26,178,Columbia,27,3
291389,KIM BOKYUNG,Midfielder,7,CARDIFF CITY FC,England,06.10.1989,06,10,1989,24,178,South Korea,27,3
274135,MAMADOU SAKHO,Defender,5,LIVERPOOL FC,England,13.02.1990,13,02,1990,24,186,France,18,2
295153,AHMAD ALNAMEH,Defender,17,NAFT TEHRAN FC,Iran,20.10.1982,20,10,1982,31,189,Iran,9,1
268594,MASATO MORISHIGE,Defender,6,FC TOKYO,Japan,21.05.1987,21,05,1987,27,183,Japan,9,1
369990,RONY MARTINEZ,Forward,16,CD REAL SOCIEDAD,Honduras,16.10.1987,16,10,1987,26,171,Honduras,9,1
336837,DIEGO CALVO,Midfielder,20,VALERENGA IF,Norway,25.03.1991,25,03,1991,23,178,Costa Rica,9,1
297112,GEORGIOS SAMARAS,Forward,7,CELTIC FC,Scotland,21.02.1985,21,02,1985,29,192,Greece,73,8
241559,LUKA MODRIC,Midfielder,10,REAL MADRID CF,Spain,09.09.1985,09,09,1985,28,173,Croatia,74,8
228336,VASILEIOS TOROSIDIS,Defender,15,AS ROMA,Italy,10.06.1985,10,06,1985,29,185,Greece,65,7
229502,ALVARO PEREIRA,Midfielder,6,SAO PAULO FC,Brazil,28.11.1985,28,11,1985,28,182,Uruguay,56,6
359381,IVAN PERISIC,Midfielder,4,VFL WOLFSBURG,Germany,02.02.1989,02,02,1989,25,187,Croatia,28,3
349574,MICHAEL ARROYO,Midfielder,15,ATLANTE FC,Mexico,23.04.1987,23,04,1987,27,178,Ecuador,19,2
198243,ABEL AGUILAR,Midfielder,8,TOULOUSE FC,France,06.01.1985,06,01,1985,29,187,Columbia,48,5
290821,AXEL WITSEL,Midfielder,6,FC ZENIT ST. PETERSBURG,Russia,12.01.1989,12,01,1989,25,183,Belgium,48,5
237949,ANDRANIK TIMOTIAN,Midfielder,14,ESTEGHLAL TEHRAN FC,Iran,06.03.1983,06,03,1983,31,178,Iran,77,8
298582,JOHN BOYE,Defender,21,STADE RENNAIS FC,France,23.04.1987,23,04,1987,27,160,Ghana,29,3
213170,MASOUD SHOJAEI,Forward,7,UD LAS PALMAS,Spain,09.06.1984,09,06,1984,30,185,Iran,49,5
358011,MATHIEU DEBUCHY,Defender,2,NEWCASTLE UNITED FC,England,28.07.1985,28,07,1985,28,178,France,20,2
318150,CHARLES ARANGUIZ,Midfielder,20,SC INTERNACIONAL,Brazil,17.04.1989,17,04,1989,25,171,Chile,20,2
290605,JAMES TROISI,Midfielder,14,MELBOURNE VICTORY FC,Australia,03.07.1988,03,07,1988,25,177,Australia,10,1
356669,BERNARD,Forward,20,SHAKHTAR DONETSK,Ukraine,08.09.1992,08,09,1992,21,166,Brazil,10,1
181406,MAICON,Defender,23,AS ROMA,Italy,26.07.1981,26,07,1981,32,186,Brazil,71,7
227839,MARVIN CHAVEZ,Midfielder,10,CD CHIVAS USA,USA,03.11.1983,03,11,1983,30,156,Honduras,41,4
304934,ROGER ESPINOZA,Midfielder,15,WIGAN ATHLETIC FC,England,25.10.1986,25,10,1986,27,180,Honduras,41,4
239433,DIEGO LUGANO,Defender,2,WEST BROMWICH ALBION FC,England,02.11.1980,02,11,1980,33,188,Uruguay,93,9
300407,SEJAD SALIHOVIC,Midfielder,23,TSG 1899 HOFFENHEIM,Germany,08.10.1984,08,10,1984,29,182,Bosnia & Herzegovina,42,4
298959,RAMIRES,Midfielder,16,CHELSEA FC,England,24.03.1987,24,03,1987,27,181,Brazil,42,4
230739,RODRIGO PALACIO,Forward,18,FC INTERNAZIONALE,Italy,05.02.1982,05,02,1982,32,175,Argentina,21,2
209989,PHILIPPE SENDEROS,Defender,4,VALENCIA CF,Spain,14.02.1985,14,02,1985,29,190,Switzerland,53,5
197514,MILE JEDINAK,Midfielder,15,CRYSTAL PALACE FC,England,03.08.1984,03,08,1984,29,188,Australia,43,4
177855,XAVI HERNANDEZ,Midfielder,8,FC BARCELONA,Spain,25.01.1980,25,01,1980,34,170,Spain,131,12
300402,SENIJAD IBRICIC,Midfielder,17,KAYSERI ERCIYESSPOR,Turkey,26.09.1985,26,09,1985,28,185,Bosnia & Herzegovina,44,4
290800,DARIO VIDOSIC,Midfielder,20,FC SION,Switzerland,08.04.1987,08,04,1987,27,185,Australia,22,2
365464,JUAN MONTES,Defender,4,CD MOTAGUA,Honduras,26.12.1985,26,12,1985,28,196,Honduras,11,1
311554,HARIS SEFEROVIC,Forward,9,REAL SOCIEDAD,Spain,22.02.1992,22,02,1992,22,187,Switzerland,11,1
358692,JULIAN DRAXLER,Midfielder,14,FC SCHALKE 04,Germany,20.09.1993,20,09,1993,20,185,Germany,11,1
184447,WALTER AYOVI,Midfielder,10,CF PACHUCA,Mexico,11.08.1979,11,08,1979,34,173,Ecuador,89,8
180936,YOSHITO OKUBO,Forward,13,KAWASAKI FRONTALE,Japan,09.06.1982,09,06,1982,32,170,Japan,56,5
290825,MOUSSA DEMBELE,Midfielder,19,TOTTENHAM HOTSPUR FC,England,16.07.1987,16,07,1987,26,185,Belgium,56,5
196900,SAMI KHEDIRA,Midfielder,6,REAL MADRID CF,Spain,04.04.1987,04,04,1987,27,189,Germany,45,4
268406,KI SUNGYUENG,Midfielder,16,SUNDERLAND AFC,England,24.01.1989,24,01,1989,25,186,South Korea,58,5
294620,ANDRE AYEW,Midfielder,10,OLYMPIQUE MARSEILLE,France,17.12.1989,17,12,1989,24,175,Ghana,47,4
177768,YASUHITO ENDO,Midfielder,7,GAMBA OSAKA,Japan,28.01.1980,28,01,1980,34,178,Japan,143,12
218253,CARLOS SALCIDO,Defender,3,TIGRES UANL,Mexico,02.04.1980,02,04,1980,34,176,Mexico,120,10
209502,JEAN BEAUSEJOUR,Midfielder,15,WIGAN ATHLETIC FC,England,01.06.1984,01,06,1984,30,178,Chile,60,5
267527,GARY MEDEL,Defender,17,CARDIFF CITY FC,England,03.08.1987,03,08,1987,26,171,Chile,60,5
296297,MARIO MARTINEZ,Midfielder,23,REAL ESPANA,Honduras,30.07.1989,30,07,1989,24,173,Honduras,36,3
183882,HASSAN YEBDA,Midfielder,7,UDINESE CALCIO,Italy,14.05.1984,14,05,1984,30,188,Algeria,24,2
239424,HERNANES,Midfielder,18,FC INTERNAZIONALE,Italy,29.05.1985,29,05,1985,29,180,Brazil,24,2
358114,DRIES MERTENS,Midfielder,14,SSC NAPOLI,Italy,06.05.1987,06,05,1987,27,164,Belgium,24,2
318034,FEDERICO FERNANDEZ,Defender,17,SSC NAPOLI,Italy,21.02.1989,21,02,1989,25,190,Argentina,24,2
312432,DEJAN LOVREN,Defender,6,SOUTHAMPTON FC,England,05.07.1989,05,07,1989,24,188,Croatia,24,2
323698,VINCENT ABOUBAKAR,Forward,10,FC LORIENT,France,22.01.1992,22,01,1992,22,176,Cameroon,24,2
261029,GOKHAN INLER,Midfielder,8,SSC NAPOLI,Italy,27.06.1984,27,06,1984,29,181,Switzerland,73,6
214887,KONSTANTINOS KATSOURANIS,Midfielder,21,PAOK FC,Greece,21.06.1979,21,06,1979,35,183,Greece,110,9
190962,DANI ALVES,Defender,2,FC BARCELONA,Spain,06.05.1983,06,05,1983,31,175,Brazil,74,6
271182,MICHAEL BARRANTES,Midfielder,11,AALESUNDS FK,Norway,04.10.1983,04,10,1983,30,177,Costa Rica,50,4
299960,PHIL JAGIELKA,Defender,6,EVERTON FC,England,17.08.1982,17,08,1982,31,183,England,25,2
200847,ADRIAN RAMOS,Forward,19,HERTHA BSC,Germany,22.01.1986,22,01,1986,28,184,Columbia,25,2
281252,FABIAN ORELLANA,Forward,14,CELTA VIGO,Spain,27.01.1986,27,01,1986,28,168,Chile,25,2
196605,STEPHAN LICHTSTEINER,Defender,2,JUVENTUS FC,Italy,16.01.1984,16,01,1984,30,180,Switzerland,63,5
216814,SERGIO RAMOS,Defender,15,REAL MADRID CF,Spain,30.03.1986,30,03,1986,28,183,Spain,115,9
216874,NICOLAS LOMBAERTS,Defender,18,FC ZENIT ST. PETERSBURG,Russia,20.03.1985,20,03,1985,29,188,Belgium,26,2
356162,ESSEID BELKALEM,Defender,4,WATFORD FC,England,01.01.1989,01,01,1989,25,190,Algeria,13,1
168832,GEORGIOS KARAGOUNIS,Midfielder,10,FULHAM FC,England,06.03.1977,06,03,1977,37,176,Greece,134,10
199600,JEAN MAKOUN,Midfielder,11,STADE RENNAIS FC,France,29.05.1983,29,05,1983,31,170,Cameroon,67,5
178403,JOSEPH YOBO,Defender,2,NORWICH CITY FC,England,06.09.1980,06,09,1980,33,185,Nigeria,96,7
297377,OGNJEN VUKOJEVIC,Midfielder,8,FC DYNAMO KYIV,Ukraine,20.12.1983,20,12,1983,30,184,Croatia,55,4
278072,JALAL HOSSEINI,Defender,4,PERSPOLIS FC,Iran,03.02.1982,03,02,1982,32,185,Iran,83,6
202655,JORGE VALDIVIA,Midfielder,10,PALMEIRAS,Brazil,19.10.1983,19,10,1983,30,173,Chile,56,4
290904,JAN VERTONGHEN,Defender,5,TOTTENHAM HOTSPUR FC,England,24.04.1987,24,04,1987,27,189,Belgium,56,4
197411,MARK MILLIGAN,Midfielder,5,MELBOURNE VICTORY FC,Australia,04.08.1985,04,08,1985,28,178,Australia,28,2
213124,AMIRHOSSEIN SADEGHI,Defender,5,ESTEGHLAL TEHRAN FC,Iran,06.09.1981,06,09,1981,32,185,Iran,14,1
364707,ALBERT ADOMAH,Midfielder,14,MIDDLESBROUGH FC,England,13.12.1987,13,12,1987,26,162,Ghana,14,1
303394,CARLOS PENA,Midfielder,21,CLUB LEON,Mexico,29.03.1990,29,03,1990,24,176,Mexico,14,1
306424,TOMMY OAR,Midfielder,11,FC UTRECHT,Netherlands,10.12.1991,10,12,1991,22,170,Australia,14,1
269784,FABIO COENTRAO,Defender,5,REAL MADRID CF,Spain,11.03.1988,11,03,1988,26,181,Portugal,43,3
234463,JOHN OBI MIKEL,Midfielder,10,CHELSEA FC,England,22.04.1987,22,04,1987,27,188,Nigeria,58,4
358013,YOHAN CABAYE,Midfielder,6,PARIS SAINT-GERMAIN FC,France,14.01.1986,14,01,1986,28,175,France,29,2
311150,MATS HUMMELS,Defender,5,BORUSSIA DORTMUND,Germany,16.12.1988,16,12,1988,25,192,Germany,29,2
305972,JOAO ROJAS,Forward,9,CRUZ AZUL FC,Mexico,14.06.1989,14,06,1989,25,173,Ecuador,29,2
216004,VINCENT KOMPANY,Defender,4,MANCHESTER CITY FC,England,10.04.1986,10,04,1986,28,190,Belgium,59,4
216973,GERARD PIQUE,Defender,3,FC BARCELONA,Spain,02.02.1987,02,02,1987,27,192,Spain,60,4
215208,MADJID BOUGUERRA,Defender,2,LEKHWIYA SC,Qatar,07.10.1982,07,10,1982,31,189,Algeria,61,4
294619,KWADWO ASAMOAH,Midfielder,20,JUVENTUS FC,Italy,09.12.1988,09,12,1988,25,168,Ghana,61,4
200219,FREDY GUARIN,Midfielder,13,FC INTERNAZIONALE,Italy,30.06.1986,30,06,1986,27,187,Columbia,48,3
3408,MARIO YEPES,Defender,3,ATALANTA BERGAMO,Italy,13.01.1976,13,01,1976,38,186,Columbia,97,6
200935,STEPHANE MBIA,Midfielder,17,SEVILLA FC,Spain,20.05.1986,20,05,1986,28,190,Cameroon,49,3
230114,JORGE CLAROS,Midfielder,20,CD MOTAGUA,Honduras,08.01.1986,08,01,1986,28,176,Honduras,49,3
215274,GIORGIO CHIELLINI,Defender,3,JUVENTUS FC,Italy,14.08.1984,14,08,1984,29,192,Italy,67,4
268821,GIANCARLO GONZALEZ,Defender,3,COLUMBUS CREW,USA,08.02.1988,08,02,1988,26,192,Costa Rica,34,2
295157,HASHEM BEIKZADEH,Midfielder,19,ESTEGHLAL TEHRAN FC,Iran,22.01.1984,22,01,1984,30,180,Iran,17,1
349588,FELIPE GUTIERREZ,Midfielder,16,FC TWENTE,Netherlands,08.10.1990,08,10,1990,23,175,Chile,17,1
330693,ANDY NAJAR,Midfielder,17,RSC ANDERLECHT,Belgium,16.03.1993,16,03,1993,21,170,Honduras,17,1
310048,ENOH EYONG,Midfielder,18,ANTALYASPOR AS,Turkey,23.03.1986,23,03,1986,28,180,Cameroon,35,2
268822,JOSE CUBERO,Midfielder,22,CS HEREDIANO,Costa Rica,14.02.1987,14,02,1987,27,178,Costa Rica,35,2
178963,KOLO TOURE,Defender,4,LIVERPOOL FC,England,19.03.1981,19,03,1981,33,183,Ivory Coast,106,6
297373,VEDRAN CORLUKA,Defender,5,FC LOKOMOTIV MOSCOW,Russia,05.02.1986,05,02,1986,28,192,Croatia,72,4
321641,LEONARDO BONUCCI,Defender,19,JUVENTUS FC,Italy,01.05.1987,01,05,1987,27,190,Italy,36,2
210212,RICARDO COSTA,Defender,13,VALENCIA CF,Spain,16.05.1981,16,05,1981,33,183,Portugal,18,1
245156,JOSE ROJAS,Defender,13,CLUB UNIVERSIDAD DE CHILE,Chile,23.06.1983,23,06,1983,30,174,Chile,18,1
299086,LAZAROS CHRISTODOULOPOULOS,Midfielder,16,BOLOGNA FC,Italy,19.12.1986,19,12,1986,27,182,Greece,18,1
367918,LUIZ GUSTAVO,Midfielder,17,VFL WOLFSBURG,Germany,23.07.1987,23,07,1987,26,188,Brazil,18,1
233703,MARTIN DEMICHELIS,Defender,15,MANCHESTER CITY FC,England,20.12.1980,20,12,1980,33,184,Argentina,37,2
209827,WILSON PALACIOS,Midfielder,8,STOKE CITY FC,England,29.07.1984,29,07,1984,29,181,Honduras,93,5
275931,PEPE,Defender,3,REAL MADRID CF,Spain,26.02.1983,26,02,1983,31,186,Portugal,57,3
228936,IGNAZIO ABATE,Defender,7,AC MILAN,Italy,12.11.1986,12,11,1986,27,180,Italy,19,1
186787,SERGEY IGNASHEVICH,Defender,4,CSKA MOSCOW,Russia,14.07.1979,14,07,1979,34,186,Russia,97,5
200262,LANDRY NGUEMO,Midfielder,7,FC GIRONDINS BORDEAUX,France,28.11.1985,28,11,1985,28,172,Cameroon,39,2
271253,MAYA YOSHIDA,Defender,22,SOUTHAMPTON FC,England,24.08.1988,24,08,1988,25,189,Japan,40,2
251481,PEJMAN MONTAZERI,Defender,15,UMM SALAL SC,Qatar,06.09.1983,06,09,1983,30,186,Iran,20,1
233530,MARCELO DIAZ,Midfielder,21,FC BASEL,Switzerland,30.12.1986,30,12,1986,27,168,Chile,20,1
311148,BENEDIKT HOEWEDES,Defender,4,FC SCHALKE 04,Germany,29.02.1988,29,02,1988,26,187,Germany,20,1
375754,KIM YOUNGGWON,Defender,5,GUANGZHOU EVERGRANDE FC,China,27.02.1990,27,02,1990,24,187,South Korea,20,1
315429,OGENYI ONAZI,Midfielder,17,SS LAZIO,Italy,25.12.1992,25,12,1992,21,168,Nigeria,20,1
279417,CRISTHIAN NOBOA,Midfielder,6,FC DYNAMO MOSCOW,Russia,09.04.1985,09,04,1985,29,181,Ecuador,41,2
267647,UWA ECHIEJILE,Defender,3,AS MONACO,France,20.01.1988,20,01,1988,26,185,Nigeria,41,2
196748,PHILIPP LAHM,Midfielder,16,FC BAYERN MUENCHEN,Germany,11.11.1983,11,11,1983,30,170,Germany,105,5
207946,SOULEYMANE BAMBA,Defender,22,TRABZONSPOR,Turkey,13.01.1985,13,01,1985,29,190,Ivory Coast,42,2
286259,ALVARO GONZALEZ,Midfielder,20,SS LAZIO,Italy,29.10.1984,29,10,1984,29,175,Uruguay,42,2
358022,JOSE CHOLEVAS,Defender,20,OLYMPIACOS PIRAEUS FC,Greece,27.06.1984,27,06,1984,29,184,Greece,21,1
313805,HEINER MORA,Defender,8,DEPORTIVO SAPRISSA,Costa Rica,20.06.1984,20,06,1984,29,179,Costa Rica,21,1
233497,MASAHIKO INOHA,Defender,19,JUBILO IWATA,Japan,28.08.1985,28,08,1985,28,179,Japan,21,1
311174,FABIAN JOHNSON,Defender,23,TSG 1899 HOFFENHEIM,Germany,11.12.1987,11,12,1987,26,182,USA,21,1
356409,ADMIR MEHMEDI,Forward,18,SC FREIBURG,Germany,16.03.1991,16,03,1991,23,183,Switzerland,21,1
183893,JERMAINE JONES,Midfielder,13,BESIKTAS JK,Turkey,03.11.1981,03,11,1981,32,184,USA,43,2
298664,CLAUDIO MARCHISIO,Midfielder,8,JUVENTUS FC,Italy,19.01.1986,19,01,1986,28,179,Italy,43,2
290824,STEVEN DEFOUR,Midfielder,16,FC PORTO,Portugal,15.04.1988,15,04,1988,26,173,Belgium,43,2
229439,GONZALO JARA,Defender,18,NOTTINGHAM FOREST FC,England,29.08.1985,29,08,1985,28,177,Chile,65,3
175689,THIAGO MOTTA,Midfielder,5,PARIS SAINT-GERMAIN FC,France,28.08.1982,28,08,1982,31,187,Italy,22,1
300237,DMITRY KOMBAROV,Defender,23,FC SPARTAK MOSCOW,Russia,22.01.1987,22,01,1987,27,182,Russia,22,1
358014,BLAISE MATUIDI,Midfielder,14,PARIS SAINT-GERMAIN FC,France,09.04.1987,09,04,1987,27,175,France,22,1
299896,DOMAGOJ VIDA,Defender,21,FC DYNAMO KYIV,Ukraine,29.04.1989,29,04,1989,25,184,Croatia,22,1
289964,THIAGO SILVA,Defender,3,PARIS SAINT-GERMAIN FC,France,22.09.1984,22,09,1984,29,182,Brazil,45,2
291372,YUTO NAGATOMO,Defender,5,FC INTERNAZIONALE,Italy,12.09.1986,12,09,1986,27,170,Japan,69,3
228617,MAURICIO ISLA,Defender,4,JUVENTUS FC,Italy,12.06.1988,12,06,1988,26,177,Chile,46,2
216715,RON VLAAR,Defender,2,ASTON VILLA FC,England,16.02.1985,16,02,1985,29,190,Netherlands,23,1
305768,LEIGHTON BAINES,Defender,3,EVERTON FC,England,11.12.1984,11,12,1984,29,172,England,23,1
229440,JOSE FUENZALIDA,Midfielder,19,CSD COLO-COLO,Chile,22.02.1985,22,02,1985,29,170,Chile,23,1
339551,BRAYAN BECKELES,Defender,21,CD OLIMPIA,Honduras,28.11.1985,28,11,1985,28,186,Honduras,23,1
200201,MIGUEL VELOSO,Midfielder,4,FC DYNAMO KYIV,Ukraine,11.05.1986,11,05,1986,28,181,Portugal,47,2
216650,GELSON FERNANDES,Midfielder,16,SC FREIBURG,Germany,02.09.1986,02,09,1986,27,179,Switzerland,47,2
216627,VALON BEHRAMI,Midfielder,11,SSC NAPOLI,Italy,19.04.1985,19,04,1985,29,184,Switzerland,48,2
312679,HONG JEONGHO,Defender,20,FC AUGSBURG,Germany,12.08.1989,12,08,1989,24,188,South Korea,24,1
207888,PER MERTESACKER,Defender,17,ARSENAL FC,England,29.09.1984,29,09,1984,29,198,Germany,97,4
216069,EMIR SPAHIC,Defender,4,BAYER 04 LEVERKUSEN,Germany,18.08.1980,18,08,1980,33,183,Bosnia & Herzegovina,74,3
239237,CARL MEDJANI,Defender,12,VALENCIENNES FC,France,15.05.1985,15,05,1985,29,180,Algeria,25,1
216006,ANTHONY VANDEN BORRE,Defender,21,RSC ANDERLECHT,Belgium,24.10.1987,24,10,1987,26,185,Belgium,25,1
307026,CRISTIAN GAMBOA,Defender,16,ROSENBORG BK,Norway,24.10.1989,24,10,1989,24,175,Costa Rica,25,1
347716,HIROSHI KIYOTAKE,Forward,8,1. FC NUERNBERG,Germany,12.11.1989,12,11,1989,24,172,Japan,25,1
306634,JONATHAN MENSAH,Defender,19,EVIAN TG FC,France,13.07.1990,13,07,1990,23,182,Ghana,25,1
213878,VICTOR BERNARDEZ,Defender,5,SAN JOSE EARTHQUAKES,USA,24.05.1982,24,05,1982,32,187,Honduras,76,3
229499,DIEGO GODIN,Defender,3,ATLETICO MADRID,Spain,16.02.1986,16,02,1986,28,185,Uruguay,76,3
186793,VASILY BEREZUTSKIY,Defender,14,CSKA MOSCOW,Russia,20.06.1982,20,06,1982,32,188,Russia,77,3
339447,JOHNNY ACOSTA,Defender,2,LD ALAJUELENSE,Costa Rica,21.07.1983,21,07,1983,30,175,Costa Rica,26,1
321971,GEOFF CAMERON,Defender,20,STOKE CITY FC,England,11.07.1985,11,07,1985,28,190,USA,26,1
296273,ALEJANDRO BEDOYA,Midfielder,11,FC NANTES,France,29.04.1987,29,04,1987,27,178,USA,26,1
183796,CHRISTIAN BOLANOS,Midfielder,7,FC KOBENHAVN,Denmark,17.05.1984,17,05,1984,30,178,Costa Rica,54,2
296827,RAFIK HALLICHE,Defender,5,ACADEMICA COIMBRA,Portugal,02.09.1986,02,09,1986,27,187,Algeria,28,1
181930,JORGE GUAGUA,Defender,2,CS EMELEC,Ecuador,28.09.1981,28,09,1981,32,179,Ecuador,58,2
288961,EHSAN HAJI SAFI,Midfielder,3,SEPAHAN FC,Iran,25.02.1990,25,02,1990,24,177,Iran,58,2
181698,ALDO RAMIREZ,Midfielder,5,CA MONARCAS MORELIA,Mexico,18.04.1981,18,04,1981,33,175,Columbia,29,1
278732,AURELIEN CHEDJOU,Defender,14,GALATASARAY SK,Turkey,20.06.1985,20,06,1985,28,185,Cameroon,29,1
286481,MAXIMILIANO PEREIRA,Defender,16,SL BENFICA,Portugal,08.06.1984,08,06,1984,30,173,Uruguay,89,3
356711,AZUBUIKE EGWUEKWE,Defender,6,WARRI WOLVES FC,Nigeria,16.07.1989,16,07,1989,24,195,Nigeria,31,1
200199,JOAO MOUTINHO,Midfielder,8,AS MONACO,France,08.09.1986,08,09,1986,27,170,Portugal,66,2
358099,SENAD LULIC,Midfielder,16,SS LAZIO,Italy,18.01.1986,18,01,1986,28,183,Bosnia & Herzegovina,33,1
213879,MAYNOR FIGUEROA,Defender,3,HULL CITY FC,England,02.05.1983,02,05,1983,31,184,Honduras,100,3
268474,ATSUTO UCHIDA,Defender,2,FC SCHALKE 04,Germany,27.03.1988,27,03,1988,26,176,Japan,67,2
216646,BLERIM DZEMAILI,Midfielder,15,SSC NAPOLI,Italy,12.04.1986,12,04,1986,28,179,Switzerland,34,1
290864,TOBY ALDERWEIRELD,Defender,2,ATLETICO MADRID,Spain,02.03.1989,02,03,1989,25,186,Belgium,34,1
356459,GODFREY OBOABONA,Defender,14,CAYKUR RIZESPOR,Turkey,16.09.1990,16,09,1990,23,183,Nigeria,34,1
216642,RETO ZIEGLER,Defender,3,US SASSUOLO,Italy,16.01.1986,16,01,1986,28,183,Switzerland,35,1
296303,JUAN CARLOS GARCIA,Defender,6,WIGAN ATHLETIC FC,England,08.03.1988,08,03,1988,26,175,Honduras,35,1
175512,KYLE BECKERMAN,Midfielder,15,REAL SALT LAKE,USA,23.04.1982,23,04,1982,32,181,USA,36,1
349578,FRICKSON ERAZO,Defender,3,CR FLAMENGO,Brazil,05.05.1988,05,05,1988,26,189,Ecuador,36,1
273291,EFE AMBROSE,Defender,5,CELTIC FC,Scotland,18.10.1988,18,10,1988,25,190,Nigeria,36,1
289027,MAKOTO HASEBE,Midfielder,17,1. FC NUERNBERG,Germany,18.01.1984,18,01,1984,30,180,Japan,78,2
291329,ISMAEL TIOTE,Midfielder,9,NEWCASTLE UNITED FC,England,21.06.1986,21,06,1986,27,175,Ivory Coast,42,1
216645,JOHAN DJOUROU,Defender,20,HAMBURGER SV,Germany,18.01.1987,18,01,1987,27,192,Switzerland,44,1
229436,CARLOS CARMONA,Midfielder,6,ATALANTA BERGAMO,Italy,21.02.1987,21,02,1987,27,179,Chile,44,1
185359,DIEGO PEREZ,Midfielder,15,BOLOGNA FC,Italy,18.05.1980,18,05,1980,34,176,Uruguay,89,2
237071,BONIEK GARCIA,Midfielder,14,HOUSTON DYNAMO,USA,04.09.1984,04,09,1984,29,176,Honduras,90,2
197409,MATT MCKAY,Midfielder,17,BRISBANE ROAR FC,Australia,11.01.1983,11,01,1983,31,174,Australia,46,1
207924,JAMES MILNER,Midfielder,17,MANCHESTER CITY FC,England,04.01.1986,04,01,1986,28,175,England,46,1
238381,SAMUEL INKOOM,Defender,2,FC PLATANIAS,Greece,01.06.1989,01,06,1989,25,179,Ghana,46,1
183798,ROY MILLER,Defender,19,NEW YORK RED BULLS,USA,24.11.1984,24,11,1984,29,189,Costa Rica,47,1
182372,JAVIER MASCHERANO,Midfielder,14,FC BARCELONA,Spain,08.06.1984,08,06,1984,30,171,Argentina,96,2
216880,THOMAS VERMAELEN,Defender,3,ARSENAL FC,England,14.11.1985,14,11,1985,28,178,Belgium,48,1
228351,ALEXANDROS TZIOLIS,Midfielder,6,KAYSERISPOR,Turkey,13.02.1985,13,02,1985,29,190,Greece,49,1
229443,JUAN ZUNIGA,Defender,18,SSC NAPOLI,Italy,14.12.1985,14,12,1985,28,171,Columbia,49,1
197464,GLEN JOHNSON,Defender,2,LIVERPOOL FC,England,23.08.1984,23,08,1984,29,180,England,51,1
200213,PABLO ARMERO,Defender,7,WEST HAM UNITED FC,England,02.11.1986,02,11,1986,27,174,Columbia,52,1
238112,HECTOR MORENO,Defender,15,RCD ESPANYOL,Spain,17.01.1988,17,01,1988,26,182,Mexico,52,1
267829,MARTIN CACERES,Defender,22,JUVENTUS FC,Italy,07.04.1987,07,04,1987,27,178,Uruguay,56,1
209940,JUNIOR DIAZ,Defender,15,FSV MAINZ 05,Germany,12.09.1983,12,09,1983,30,185,Costa Rica,61,1
276131,WALTER GARGANO,Midfielder,5,PARMA FC,Italy,23.07.1984,23,07,1984,29,168,Uruguay,62,1
230117,EMILIO IZAGUIRRE,Midfielder,7,CELTIC FC,Scotland,10.05.1986,10,05,1986,28,177,Honduras,65,1
216964,NIGEL DE JONG,Midfielder,6,AC MILAN,Italy,30.11.1984,30,11,1984,29,174,Netherlands,70,1
198489,ARTHUR BOKA,Defender,3,VFB STUTTGART,Germany,02.04.1983,02,04,1983,31,166,Ivory Coast,77,1
184373,YASUYUKI KONNO,Defender,15,GAMBA OSAKA,Japan,25.01.1983,25,01,1983,31,178,Japan,80,1
208120,MICHAEL UMANA,Defender,4,DEPORTIVO SAPRISSA,Costa Rica,16.07.1982,16,07,1982,31,180,Costa Rica,81,1
209960,FRANCISCO RODRIGUEZ,Defender,2,CLUB AMERICA,Mexico,20.10.1981,20,10,1981,32,191,Mexico,92,1
176971,DIDIER ZOKORA,Defender,5,TRABZONSPOR,Turkey,14.12.1980,14,12,1980,33,183,Ivory Coast,119,1
94918,FARYD MONDRAGON,Goalkeeper,22,DEPORTIVO CALI,Columbia,21.06.1971,21,06,1971,43,191,Columbia,50,0
178185,NOEL VALLADARES,Goalkeeper,18,CD OLIMPIA,Honduras,03.05.1977,03,05,1977,37,178,Honduras,120,0
159304,GIANLUIGI BUFFON,Goalkeeper,1,JUVENTUS FC,Italy,28.01.1978,28,01,1978,36,190,Italy,139,0
179048,STIPE PLETIKOSA,Goalkeeper,1,FC ROSTOV,Russia,08.01.1979,08,01,1979,35,193,Croatia,110,0
178420,TIM HOWARD,Goalkeeper,1,EVERTON FC,England,06.03.1979,06,03,1979,35,187,USA,98,0
182021,MICKAEL LANDREAU,Goalkeeper,23,SC BASTIA,France,14.05.1979,14,05,1979,35,184,France,11,0
184982,NICK RIMANDO,Goalkeeper,22,REAL SALT LAKE,USA,17.06.1979,17,06,1979,35,182,USA,14,0
178958,BOUBACAR BARRY,Goalkeeper,1,KSC LOKEREN,Belgium,30.12.1979,30,12,1979,34,180,Ivory Coast,76,0
179038,JULIO CESAR,Goalkeeper,12,TORONTO FC,Canada,03.09.1979,03,09,1979,34,179,Brazil,79,0
367333,SERGEY RYZHIKOV,Goalkeeper,16,FC RUBIN KAZAN,Russia,19.09.1980,19,09,1980,33,192,Russia,1,0
358097,ASMIR AVDUKIC,Goalkeeper,22,FK BORAC BANJA LUKA,Bosnia & Herzegovina,13.05.1981,13,05,1981,33,190,Bosnia & Herzegovina,3,0
195223,ROMAN WEIDENFELLER,Goalkeeper,22,BORUSSIA DORTMUND,Germany,06.08.1980,06,08,1980,33,188,Germany,2,0
209168,EUGENE GALEKOVIC,Goalkeeper,18,ADELAIDE UNITED FC,Australia,12.06.1981,12,06,1981,33,186,Australia,8,0
214377,ANDREA BARZAGLI,Defender,15,JUVENTUS FC,Italy,08.05.1981,08,05,1981,33,186,Italy,47,0
176644,IKER CASILLAS,Goalkeeper,1,REAL MADRID CF,Spain,20.05.1981,20,05,1981,33,185,Spain,153,0
215484,LOUKAS VYNTRA,Defender,11,LEVANTE UD,Spain,05.02.1981,05,02,1981,33,184,Greece,49,0
178630,JOHNNY HERRERA,Goalkeeper,23,CLUB UNIVERSIDAD DE CHILE,Chile,09.05.1981,09,05,1981,33,183,Chile,7,0
298516,RAHMAN AHMADI,Goalkeeper,1,SEPAHAN FC,Iran,30.07.1980,30,07,1980,33,182,Iran,11,0
356612,HUGO CAMPAGNARO,Defender,3,FC INTERNAZIONALE,Italy,27.06.1980,27,06,1980,33,181,Argentina,13,0
213871,DONIS ESCOBER,Goalkeeper,22,CD OLIMPIA,Honduras,03.02.1981,03,02,1981,33,180,Honduras,20,0
195231,JOSE CORONA,Goalkeeper,1,CRUZ AZUL FC,Mexico,26.01.1981,26,01,1981,33,178,Mexico,32,0
212246,PATRICE EVRA,Defender,3,MANCHESTER UNITED FC,England,15.05.1981,15,05,1981,33,171,France,57,0
215471,VANGELIS MORAS,Defender,5,HELLAS VERONA FC,Italy,26.08.1981,26,08,1981,32,193,Greece,18,0
274703,AGUSTIN ORION,Goalkeeper,12,CA BOCA JUNIORS,Argentina,26.07.1981,26,07,1981,32,190,Argentina,3,0
214404,BETO,Goalkeeper,22,SEVILLA FC,Spain,01.05.1982,01,05,1982,32,183,Portugal,7,0
181951,BRAD DAVIS,Midfielder,14,HOUSTON DYNAMO,USA,08.11.1981,08,11,1981,32,180,USA,16,0
214874,PATRICK PEMBERTON,Goalkeeper,18,LD ALAJUELENSE,Costa Rica,24.04.1982,24,04,1982,32,178,Costa Rica,20,0
207809,MAXWELL,Defender,14,PARIS SAINT-GERMAIN FC,France,27.08.1981,27,08,1981,32,177,Brazil,8,0
210702,DANIJEL PRANJIC,Defender,3,PANATHINAIKOS FC,Greece,02.12.1981,02,12,1981,32,172,Croatia,49,0
286238,EGIDIO AREVALO,Midfielder,17,CA MONARCAS MORELIA,Mexico,01.01.1982,01,01,1982,32,168,Uruguay,54,0
309426,VICTOR,Goalkeeper,22,ATLETICO MINEIRO,Brazil,21.01.1983,21,01,1983,31,195,Brazil,6,0
253999,BEN FOSTER,Goalkeeper,13,WEST BROMWICH ALBION FC,England,03.04.1983,03,04,1983,31,193,England,6,0
184320,JEFFERSON,Goalkeeper,1,BOTAFOGO FR,Brazil,02.01.1983,02,01,1983,31,190,Brazil,9,0
175546,ALFREDO TALAVERA,Goalkeeper,12,DEPORTIVO TOLUCA FC,Mexico,18.09.1982,18,09,1982,31,188,Mexico,14,0
175413,PEPE REINA,Goalkeeper,23,SSC NAPOLI,Italy,31.08.1982,31,08,1982,31,187,Spain,32,0
299066,EDUARDO,Goalkeeper,1,SPORTING BRAGA,Portugal,19.09.1982,19,09,1982,31,187,Portugal,33,0
175629,MARTIN SILVA,Goalkeeper,23,CR VASCO DA GAMA,Brazil,25.03.1983,25,03,1983,31,187,Uruguay,4,0
216990,CHARLES ITANDJE,Goalkeeper,16,KONYASPOR,Turkey,02.11.1982,02,11,1982,31,185,Cameroon,9,0
202650,CLAUDIO BRAVO,Goalkeeper,1,REAL SOCIEDAD,Spain,13.04.1983,13,04,1983,31,185,Chile,79,0
198117,EIJI KAWASHIMA,Goalkeeper,1,STANDARD LIEGE,Belgium,20.03.1983,20,03,1983,31,185,Japan,56,0
189300,VINCENT ENYEAMA,Goalkeeper,1,LILLE OSC,France,29.08.1982,29,08,1982,31,185,Nigeria,90,0
196620,STEVE VON BERGEN,Defender,5,BSC YOUNG BOYS,Switzerland,10.06.1983,10,06,1983,31,183,Switzerland,41,0
254141,BACARY SAGNA,Defender,15,ARSENAL FC,England,14.02.1983,14,02,1983,31,175,France,40,0
275793,OSCAR BAGUI,Defender,18,CS EMELEC,Ecuador,10.12.1982,10,12,1982,31,170,Ecuador,21,0
196633,DIEGO BENAGLIO,Goalkeeper,1,VFL WOLFSBURG,Germany,08.09.1983,08,09,1983,30,195,Switzerland,57,0
306144,MARIANO ANDUJAR,Goalkeeper,21,CALCIO CATANIA,Italy,30.07.1983,30,07,1983,30,194,Argentina,10,0
349832,JOSE MARIA BASANTA,Defender,23,CF MONTERREY,Mexico,03.04.1984,03,04,1984,30,188,Argentina,8,0
184856,AUSTINE EJIDE,Goalkeeper,16,HAPOEL BE'ER SHEVA FC,Israel,08.04.1984,08,04,1984,30,186,Nigeria,31,0
299904,MENSUR MUJDZA,Midfielder,13,SC FREIBURG,Germany,28.03.1984,28,03,1984,30,184,Bosnia & Herzegovina,24,0
254089,MICHEL VORM,Goalkeeper,22,SWANSEA CITY AFC,England,20.10.1983,20,10,1983,30,183,Netherlands,14,0
354873,MEHDI MOSTEFA,Midfielder,22,AC AJACCIO,France,30.08.1983,30,08,1983,30,182,Algeria,22,0
216432,YURY ZHIRKOV,Forward,18,FC DYNAMO MOSCOW,Russia,20.08.1983,20,08,1983,30,180,Russia,60,0
306180,BENOIT ASSOU EKOTTO,Defender,2,QUEENS PARK RANGERS FC,England,24.03.1984,24,03,1984,30,178,Cameroon,21,0
329737,GHASEM HADADIFAR,Midfielder,11,ZOB AHAN ISFAHAN FC,Iran,12.07.1983,12,07,1983,30,178,Iran,16,0
254091,PAUL VERHAEGH,Defender,12,FC AUGSBURG,Germany,01.09.1983,01,09,1983,30,178,Netherlands,2,0
358893,ANDREY ESHCHENKO,Defender,22,FC ANZHI MAKHACHKALA,Russia,09.02.1984,09,02,1984,30,177,Russia,11,0
216438,IGOR DENISOV,Midfielder,7,FC DYNAMO MOSCOW,Russia,17.05.1984,17,05,1984,30,176,Russia,43,0
317072,HENRI BEDIMO,Defender,12,OLYMPIQUE LYONNAIS,France,04.06.1984,04,06,1984,30,176,Cameroon,30,0
321682,MEDHI LACEN,Midfielder,8,GETAFE CF,Spain,15.03.1984,15,03,1984,30,175,Algeria,29,0
202280,LUIS SARITAMA,Midfielder,19,BARCELONA SC,Ecuador,20.10.1983,20,10,1983,30,175,Ecuador,48,0
306206,KHOSRO HEYDARI,Forward,2,ESTEGHLAL TEHRAN FC,Iran,14.09.1983,14,09,1983,30,175,Iran,47,0
214571,RIO MAVUBA,Midfielder,12,LILLE OSC,France,08.03.1984,08,03,1984,30,172,France,11,0
214407,JOAO PEREIRA,Defender,21,VALENCIA CF,Spain,25.02.1984,25,02,1984,30,172,Portugal,35,0
276139,BRAD GUZAN,Goalkeeper,12,ASTON VILLA FC,England,09.09.1984,09,09,1984,29,193,USA,25,0
357990,GORDON SCHILDENFELD,Defender,13,PANATHINAIKOS FC,Greece,18.03.1985,18,03,1985,29,191,Croatia,21,0
299887,DANIJEL SUBASIC,Goalkeeper,23,AS MONACO,France,27.10.1984,27,10,1984,29,191,Croatia,6,0
198546,JUNG SUNGRYONG,Goalkeeper,1,SUWON BLUEWINGS FC,South Korea,04.01.1985,04,01,1985,29,190,South Korea,60,0
297230,OSMAN CHAVEZ,Defender,2,QINGDAO JONOON FC,China,29.07.1984,29,07,1984,29,187,Honduras,54,0
182479,CHIGOZIE AGBIM,Goalkeeper,21,ENUGU RANGERS FC,Nigeria,28.11.1984,28,11,1984,29,187,Nigeria,14,0
305708,MOHAMED ZEMMAMOUCHE,Goalkeeper,16,USM ALGER,Algeria,19.03.1985,19,03,1985,29,187,Algeria,7,0
378836,MARCO PAROLO,Midfielder,18,PARMA FC,Italy,25.01.1985,25,01,1985,29,186,Italy,3,0
182620,ALEX WILKINSON,Defender,22,JEONBUK HYUNDAI MOTORS FC,South Korea,13.08.1984,13,08,1984,29,183,Australia,2,0
229450,GABRIEL ACHILIER,Defender,21,CS EMELEC,Ecuador,24.03.1985,24,03,1985,29,183,Ecuador,22,0
356166,CEDRIC SI MOHAMMED,Goalkeeper,1,CS CONSTANTINE,Algeria,09.01.1985,09,01,1985,29,182,Algeria,1,0
298676,HA DAESUNG,Midfielder,8,BEIJING GUOAN,China,02.03.1985,02,03,1985,29,182,South Korea,13,0
299064,RUBEN AMORIM,Midfielder,20,SL BENFICA,Portugal,27.01.1985,27,01,1985,29,180,Portugal,11,0
376071,FATAWU DAUDA,Goalkeeper,16,ORLANDO PIRATES,South Africa,06.04.1985,06,04,1985,29,180,Ghana,17,0
323339,DJAMEL MESBAH,Defender,6,AS LIVORNO,Italy,09.10.1984,09,10,1984,29,179,Algeria,26,0
367555,DIE SEREY,Midfielder,20,FC BASEL,Switzerland,07.11.1984,07,11,1984,29,179,Ivory Coast,6,0
276132,JORGE FUCILE,Defender,4,FC PORTO,Portugal,19.11.1984,19,11,1984,29,177,Uruguay,41,0
182379,PABLO ZABALETA,Defender,4,MANCHESTER CITY FC,England,16.01.1985,16,01,1985,29,174,Argentina,36,0
228912,MANUEL NEUER,Goalkeeper,1,FC BAYERN MUENCHEN,Germany,27.03.1986,27,03,1986,28,193,Germany,45,0
229498,FERNANDO MUSLERA,Goalkeeper,1,GALATASARAY SK,Turkey,16.06.1986,16,06,1986,28,190,Uruguay,57,0
228328,ORESTIS KARNEZIS,Goalkeeper,1,GRANADA CF,Spain,11.07.1985,11,07,1985,28,189,Greece,18,0
302630,MAXIMO BANGUERA,Goalkeeper,1,BARCELONA SC,Ecuador,16.12.1985,16,12,1985,28,187,Ecuador,24,0
233333,GABRIEL PALETTA,Defender,20,PARMA FC,Italy,15.02.1986,15,02,1986,28,187,Italy,2,0
216820,RAUL ALBIOL,Defender,2,SSC NAPOLI,Italy,04.09.1985,04,09,1985,28,187,Spain,46,0
323326,RAIS MBOLHI,Goalkeeper,23,CSKA SOFIA,Bulgaria,25.04.1986,25,04,1986,28,186,Algeria,27,0
215017,IGOR AKINFEEV,Goalkeeper,1,CSKA MOSCOW,Russia,08.04.1986,08,04,1986,28,185,Russia,68,0
358012,LAURENT KOSCIELNY,Defender,21,ARSENAL FC,England,10.09.1985,10,09,1985,28,185,France,17,0
215285,GUILLERMO OCHOA,Goalkeeper,13,AC AJACCIO,France,13.07.1985,13,07,1985,28,185,Mexico,56,0
214581,SHUSAKU NISHIKAWA,Goalkeeper,12,URAWA RED DIAMONDS,Japan,18.06.1986,18,06,1986,28,183,Japan,12,0
301165,OSCAR GRANADOS,Midfielder,13,CS HEREDIANO,Costa Rica,25.10.1985,25,10,1985,28,183,Costa Rica,11,0
200259,DANY NOUNKEU,Defender,5,BESIKTAS JK,Turkey,11.04.1986,11,04,1986,28,183,Cameroon,15,0
280487,CARLOS SANCHEZ,Midfielder,6,ELCHE CF,Spain,06.02.1986,06,02,1986,28,182,Columbia,43,0
359997,AVDIJA VRSAJEVIC,Midfielder,2,HNK HAJDUK SPLIT,Croatia,06.03.1986,06,03,1986,28,182,Bosnia & Herzegovina,13,0
199160,DANIEL CAMBRONERO,Goalkeeper,23,CS HEREDIANO,Costa Rica,08.01.1986,08,01,1986,28,181,Costa Rica,2,0
290822,LAURENT CIMAN,Defender,23,STANDARD LIEGE,Belgium,05.08.1985,05,08,1985,28,180,Belgium,8,0
278126,KIM CHANGSOO,Defender,2,KASHIWA REYSOL,Japan,12.09.1985,12,09,1985,28,179,South Korea,8,0
349582,FRANCISCO SILVA,Midfielder,5,CA OSASUNA,Spain,11.02.1986,11,02,1986,28,178,Chile,11,0
201001,FERNANDO GAGO,Midfielder,5,CA BOCA JUNIORS,Argentina,10.04.1986,10,04,1986,28,178,Argentina,47,0
200133,LUCAS BIGLIA,Midfielder,6,SS LAZIO,Italy,30.01.1986,30,01,1986,28,175,Argentina,17,0
268911,TOSHIHIRO AOYAMA,Midfielder,14,SANFRECCE HIROSHIMA,Japan,22.02.1986,22,02,1986,28,174,Japan,5,0
200205,VIEIRINHA,Forward,10,VFL WOLFSBURG,Germany,24.01.1986,24,01,1986,28,170,Portugal,7,0
303419,ALEXANDER DOMINGUEZ,Goalkeeper,22,LDU QUITO,Ecuador,05.06.1987,05,06,1987,27,196,Ecuador,18,0
266783,SERGIO ROMERO,Goalkeeper,1,AS MONACO,France,22.02.1987,22,02,1987,27,192,Argentina,45,0
299956,JOE HART,Goalkeeper,1,MANCHESTER CITY FC,England,19.04.1987,19,04,1987,27,191,England,40,0
360111,PANAGIOTIS GLYKOS,Goalkeeper,12,PAOK FC,Greece,10.10.1986,10,10,1986,27,190,Greece,2,0
298655,SALVATORE SIRIGU,Goalkeeper,12,PARIS SAINT-GERMAIN FC,France,12.01.1987,12,01,1987,27,190,Italy,8,0
271043,DAVID LUIZ,Defender,4,CHELSEA FC,England,22.04.1987,22,04,1987,27,189,Brazil,35,0
359448,STEPHANE RUFFIER,Goalkeeper,16,AS SAINT-ETIENNE,France,27.09.1986,27,09,1986,27,188,France,2,0
297105,HUGO LLORIS,Goalkeeper,1,TOTTENHAM HOTSPUR FC,England,26.12.1986,26,12,1986,27,188,France,56,0
200209,CRISTIAN ZAPATA,Defender,2,AC MILAN,Italy,30.09.1986,30,09,1986,27,187,Columbia,23,0
200130,EZEQUIEL GARAY,Defender,2,SL BENFICA,Portugal,10.10.1986,10,10,1986,27,186,Argentina,18,0
291332,OUSMANE DIARRASSOUBA,Defender,2,CAYKUR RIZESPOR,Turkey,21.12.1986,21,12,1986,27,186,Ivory Coast,1,0
298613,HENRIQUE,Defender,15,SSC NAPOLI,Italy,14.10.1986,14,10,1986,27,186,Brazil,5,0
369983,ALEKSEI KOZLOV,Defender,2,FC DYNAMO MOSCOW,Russia,25.12.1986,25,12,1986,27,185,Russia,10,0
358046,VLADIMIR GRANAT,Defender,13,FC DYNAMO MOSCOW,Russia,22.05.1987,22,05,1987,27,184,Russia,4,0
199175,KEYLOR NAVAS,Goalkeeper,1,LEVANTE UD,Spain,15.12.1986,15,12,1986,27,184,Costa Rica,52,0
367433,MATT BESLER,Defender,5,SPORTING KANSAS CITY,USA,11.02.1987,11,02,1987,27,182,USA,16,0
329745,HOSSEIN MAHINI,Defender,13,PERSPOLIS FC,Iran,16.09.1986,16,09,1986,27,182,Iran,21,0
363578,LEE YONG,Defender,12,ULSAN HYUNDAI FC,South Korea,24.12.1986,24,12,1986,27,180,South Korea,11,0
267344,MEHRDAD POOLADI,Defender,23,PERSPOLIS FC,Iran,26.02.1987,26,02,1987,27,180,Iran,19,0
298662,ANTONIO CANDREVA,Midfielder,6,SS LAZIO,Italy,28.02.1987,28,02,1987,27,180,Italy,19,0
296312,EDDER DELGADO,Midfielder,12,REAL ESPANA,Honduras,20.11.1986,20,11,1986,27,179,Honduras,26,0
321731,IOANNIS MANIATIS,Midfielder,2,OLYMPIACOS PIRAEUS FC,Greece,12.10.1986,12,10,1986,27,178,Greece,29,0
359375,SAMMIR,Midfielder,19,GETAFE CF,Spain,23.04.1987,23,04,1987,27,178,Croatia,5,0
379889,STEVEN BEITASHOUR,Defender,20,VANCOUVER WHITECAPS FC,Canada,01.02.1987,01,02,1987,27,178,Iran,6,0
240718,CONSTANT DJAKPA,Defender,18,EINTRACHT FRANKFURT,Germany,17.10.1986,17,10,1986,27,177,Ivory Coast,4,0
268411,PARK JOOHO,Defender,22,FSV MAINZ 05,Germany,16.01.1987,16,01,1987,27,174,South Korea,13,0
294626,HARRISON AFFUL,Defender,23,ESPERANCE SPORTIVE DE TUNIS,Tunisia,24.07.1986,24,07,1986,27,168,Ghana,40,0
362881,FRASER FORSTER,Goalkeeper,22,CELTIC FC,Scotland,17.03.1988,17,03,1988,26,201,England,1,0
230121,ASMIR BEGOVIC,Goalkeeper,1,STOKE CITY FC,England,20.06.1987,20,06,1987,26,198,Bosnia & Herzegovina,30,0
346763,ALIREZA HAGHIGHI,Goalkeeper,12,SPORTING COVILHA,Portugal,02.05.1988,02,05,1988,26,193,Iran,4,0
298738,SIMON MIGNOLET,Goalkeeper,12,LIVERPOOL FC,England,06.03.1988,06,03,1988,26,193,Belgium,14,0
379888,DANIEL DAVARI,Goalkeeper,22,EINTRACHT BRAUNSCHWEIG,Germany,06.01.1988,06,01,1988,26,193,Iran,4,0
232760,TIM KRUL,Goalkeeper,23,NEWCASTLE UNITED FC,England,03.04.1988,03,04,1988,26,193,Netherlands,5,0
353237,ADAM KWARASEY,Goalkeeper,12,STROMSGODSET IF,Norway,12.12.1987,12,12,1987,26,190,Ghana,21,0
359436,EDER,Forward,11,SPORTING BRAGA,Portugal,22.12.1987,22,12,1987,26,190,Portugal,7,0
269768,RUI PATRICIO,Goalkeeper,12,SPORTING CP,Portugal,15.02.1988,15,02,1988,26,189,Portugal,29,0
349631,RICARDO ALVAREZ,Midfielder,19,FC INTERNAZIONALE,Italy,12.04.1988,12,04,1988,26,188,Argentina,5,0
354883,LIASSINE CADAMURO,Defender,17,RCD MALLORCA,Spain,05.03.1988,05,03,1988,26,187,Algeria,6,0
299090,SOKRATIS PAPASTATHOPOULOS,Defender,19,BORUSSIA DORTMUND,Germany,09.06.1988,09,06,1988,26,186,Greece,47,0
359428,LUIS NETO,Defender,14,FC ZENIT ST. PETERSBURG,Russia,26.05.1988,26,05,1988,26,186,Portugal,7,0
360109,PANAGIOTIS KONE,Midfielder,8,BOLOGNA FC,Italy,26.07.1987,26,07,1987,26,184,Greece,15,0
319298,GEORGIOS TZAVELAS,Defender,3,PAOK FC,Greece,26.11.1987,26,11,1987,26,183,Greece,13,0
200261,ALEXANDRE SONG,Midfielder,6,FC BARCELONA,Spain,09.09.1987,09,09,1987,26,183,Cameroon,46,0
228624,CRISTOPHER TOSELLI,Goalkeeper,12,CD UNIVERSIDAD CATOLICA,Chile,15.06.1988,15,06,1988,26,181,Chile,4,0
370062,IVAN FRANJIC,Defender,2,BRISBANE ROAR FC,Australia,10.09.1987,10,09,1987,26,180,Australia,8,0
349576,JUAN PAREDES,Defender,4,BARCELONA SC,Ecuador,08.07.1987,08,07,1987,26,179,Ecuador,37,0
361222,ADAM LALLANA,Midfielder,20,SOUTHAMPTON FC,England,10.05.1988,10,05,1988,26,179,England,4,0
228942,ALESSIO CERCI,Forward,11,TORINO FC,Italy,23.07.1987,23,07,1987,26,177,Italy,11,0
298677,JONATHAN DE GUZMAN,Midfielder,8,SWANSEA CITY AFC,England,13.09.1987,13,09,1987,26,174,Netherlands,10,0
355023,ALLAN NYOM,Defender,22,GRANADA CF,Spain,10.05.1988,10,05,1988,26,170,Cameroon,9,0
379264,JOSE VAZQUEZ,Midfielder,23,CLUB LEON,Mexico,14.03.1988,14,03,1988,26,164,Mexico,4,0
234405,OMAR GONZALEZ,Defender,3,LOS ANGELES GALAXY,USA,11.10.1988,11,10,1988,25,195,USA,19,0
299442,JEROME BOATENG,Defender,20,FC BAYERN MUENCHEN,Germany,03.09.1988,03,09,1988,25,192,Germany,38,0
359993,TONI SUNJIC,Defender,15,FC ZORYA LUGANSK,Ukraine,15.12.1988,15,12,1988,25,192,Bosnia & Herzegovina,7,0
379985,ANDREY SEMENOV,Defender,5,FC TEREK GROZNY,Russia,24.03.1989,24,03,1989,25,191,Russia,1,0
356933,MITCH LANGERAK,Goalkeeper,12,BORUSSIA DORTMUND,Germany,22.08.1988,22,08,1988,25,191,Australia,3,0
353379,REZA HAGHIGHI,Midfielder,8,PERSPOLIS FC,Iran,01.02.1989,01,02,1989,25,190,Iran,7,0
362649,ANDREAS SAMARIS,Midfielder,22,OLYMPIACOS PIRAEUS FC,Greece,13.06.1989,13,06,1989,25,190,Greece,4,0
270714,JAVI MARTINEZ,Midfielder,4,FC BAYERN MUENCHEN,Germany,02.09.1988,02,09,1988,25,190,Spain,16,0
367558,SYLVAIN GBOHOUO,Goalkeeper,16,SEWE SPORT,Ivory Coast,29.10.1988,29,10,1988,25,190,Ivory Coast,2,0
303034,SERGIO BUSQUETS,Midfielder,16,FC BARCELONA,Spain,16.07.1988,16,07,1988,25,189,Spain,65,0
229051,MATTHEW SPIRANOVIC,Defender,6,WESTERN SYDNEY WANDERERS FC,Australia,27.06.1988,27,06,1988,25,188,Australia,17,0
349568,ADRIAN BONE,Goalkeeper,12,CD EL NACIONAL,Ecuador,08.09.1988,08,09,1988,25,188,Ecuador,3,0
367920,DIEGO COSTA,Forward,19,ATLETICO MADRID,Spain,07.10.1988,07,10,1988,25,188,Spain,3,0
321734,SHUICHI GONDA,Goalkeeper,23,FC TOKYO,Japan,03.03.1989,03,03,1989,25,187,Japan,2,0
302381,RON-ROBERT ZIELER,Goalkeeper,12,HANNOVER 96,Germany,12.02.1989,12,02,1989,25,187,Germany,3,0
358738,JASPER CILLESSEN,Goalkeeper,1,AFC AJAX,Netherlands,22.04.1989,22,04,1989,25,187,Netherlands,7,0
358694,KEVIN GROSSKREUTZ,Defender,2,BORUSSIA DORTMUND,Germany,19.07.1988,19,07,1988,25,186,Germany,4,0
312987,OSCAR DUARTE,Defender,6,CLUB BRUGGE KV,Belgium,03.06.1989,03,06,1989,25,184,Costa Rica,10,0
228686,DAVID OSPINA,Goalkeeper,1,OGC NICE,France,31.08.1988,31,08,1988,25,183,Columbia,43,0
319460,YANN SOMMER,Goalkeeper,12,FC BASEL,Switzerland,17.12.1988,17,12,1988,25,183,Switzerland,6,0
295149,JAMES HOLLAND,Midfielder,16,FK AUSTRIA WIEN,Austria,15.05.1989,15,05,1989,25,180,Australia,13,0
291398,PARK JONGWOO,Midfielder,15,GUANGZHOU R&F FC,China,10.03.1989,10,03,1989,25,180,South Korea,10,0
332293,GIOVANNI SIO,Forward,21,FC BASEL,Switzerland,31.03.1989,31,03,1989,25,180,Ivory Coast,7,0
228691,ALEXANDER MEJIA,Midfielder,15,ATLETICO NACIONAL,Columbia,11.07.1988,11,07,1988,25,179,Columbia,8,0
358881,ALEXEY IONOV,Forward,21,FC DYNAMO MOSCOW,Russia,18.02.1989,18,02,1989,25,178,Russia,5,0
350129,MIGUEL PONCE,Defender,16,DEPORTIVO TOLUCA FC,Mexico,12.04.1989,12,04,1989,25,175,Mexico,7,0
312234,OLIVER BOZANIC,Midfielder,13,FC LUZERN,Switzerland,08.01.1989,08,01,1989,25,167,Australia,3,0
356748,CHRIS SMALLING,Defender,12,MANCHESTER UNITED FC,England,22.11.1989,22,11,1989,24,194,England,11,0
318688,MARCOS ROJO,Defender,16,SPORTING CP,Portugal,20.03.1990,20,03,1990,24,189,Argentina,20,0
311850,MOHAMMED RABIU,Midfielder,17,KUBAN KRASNODAR,Russia,31.12.1989,31,12,1989,24,189,Ghana,16,0
319436,LEROY FER,Midfielder,18,NORWICH CITY FC,England,05.01.1990,05,01,1990,24,188,Netherlands,5,0
317056,MOUSSA SISSOKO,Midfielder,18,NEWCASTLE UNITED FC,England,16.08.1989,16,08,1989,24,187,France,16,0
356189,JORDAN HENDERSON,Midfielder,14,LIVERPOOL FC,England,17.06.1990,17,06,1990,24,187,England,9,0
319428,DARYL JANMAAT,Defender,7,FEYENOORD ROTTERDAM,Netherlands,22.07.1989,22,07,1989,24,186,Netherlands,15,0
367343,YURY LODYGIN,Goalkeeper,12,FC ZENIT ST. PETERSBURG,Russia,26.05.1990,26,05,1990,24,186,Russia,2,0
359995,OGNJEN VRANJES,Defender,6,ELAZIGSPOR,Turkey,24.10.1989,24,10,1989,24,186,Bosnia & Herzegovina,13,0
365556,TIMMY CHANDLER,Defender,21,1. FC NUERNBERG,Germany,29.03.1990,29,03,1990,24,186,USA,12,0
306410,RYAN MCGOWAN,Defender,19,SHANDONG LUNENG TAISHAN FC,China,15.08.1989,15,08,1989,24,185,Australia,9,0
290931,NICOLAS NKOULOU,Defender,3,OLYMPIQUE MARSEILLE,France,27.03.1990,27,03,1990,24,185,Cameroon,47,0
350003,HIROKI SAKAI,Defender,21,HANNOVER 96,Germany,12.04.1990,12,04,1990,24,185,Japan,17,0
306780,CIRO IMMOBILE,Forward,17,TORINO FC,Italy,20.02.1990,20,02,1990,24,184,Italy,2,0
374529,ANEL HADZIC,Midfielder,21,SK STURM GRAZ,Austria,16.08.1989,16,08,1989,24,184,Bosnia & Herzegovina,2,0
274329,HAN KOOKYOUNG,Midfielder,14,KASHIWA REYSOL,Japan,19.04.1990,19,04,1990,24,183,South Korea,9,0
274283,YUN SUKYOUNG,Defender,3,QUEENS PARK RANGERS FC,England,13.02.1990,13,02,1990,24,182,South Korea,3,0
356518,HWANG SEOKHO,Defender,6,SANFRECCE HIROSHIMA,Japan,27.06.1989,27,06,1989,24,182,South Korea,3,0
288824,MATTEO DARMIAN,Defender,4,TORINO FC,Italy,02.12.1989,02,12,1989,24,182,Italy,1,0
329092,HECTOR HERRERA,Midfielder,6,FC PORTO,Portugal,19.04.1990,19,04,1990,24,180,Mexico,12,0
319432,DALEY BLIND,Defender,5,AFC AJAX,Netherlands,09.03.1990,09,03,1990,24,180,Netherlands,11,0
370438,SAMMY NDJOCK,Goalkeeper,23,FETHIYESPOR,Turkey,25.02.1990,25,02,1990,24,178,Cameroon,2,0
270948,CESAR AZPILICUETA,Midfielder,22,CHELSEA FC,England,28.08.1989,28,08,1989,24,178,Spain,6,0
323574,STEPHEN ADAMS,Goalkeeper,1,ADUANA STARS,Ghana,28.09.1989,28,09,1989,24,177,Ghana,6,0
365747,EDIN VISCA,Forward,19,ISTANBUL BBSK,Turkey,17.02.1990,17,02,1990,24,172,Bosnia & Herzegovina,10,0
366309,YACINE BRAHIMI,Midfielder,11,GRANADA CF,Spain,08.02.1990,08,02,1990,24,171,Algeria,5,0
350124,JAVIER AQUINO,Midfielder,20,VILLARREAL CF,Spain,11.02.1990,11,02,1990,24,166,Mexico,21,0
305382,SEBASTIAN COATES,Defender,19,CLUB NACIONAL DE FOOTBALL,Uruguay,07.10.1990,07,10,1990,23,196,Uruguay,14,0
319413,PANAGIOTIS TACHTSIDIS,Midfielder,23,TORINO FC,Italy,15.02.1991,15,02,1991,23,194,Greece,5,0
380069,CHRISTOPH KRAMER,Midfielder,23,BORUSSIA MOENCHENGLADBACH,Germany,19.02.1991,19,02,1991,23,189,Germany,2,0
319340,ELIAQUIM MANGALA,Defender,13,FC PORTO,Portugal,13.02.1991,13,02,1991,23,188,France,3,0
274281,KIM SEUNGGYU,Goalkeeper,21,ULSAN HYUNDAI FC,South Korea,30.09.1990,30,09,1990,23,187,South Korea,5,0
368009,EBENEZER ODUNLAMI,Defender,12,SUNSHINE STARS FC,Nigeria,30.04.1991,30,04,1991,23,187,Nigeria,11,0
336434,CLEMENT GRENIER,Midfielder,22,OLYMPIQUE LYONNAIS,France,07.01.1991,07,01,1991,23,186,France,5,0
323556,KONSTANTINOS MANOLAS,Defender,4,OLYMPIACOS PIRAEUS FC,Greece,14.06.1991,14,06,1991,23,186,Greece,8,0
370523,MATHIS BOLLY,Midfielder,6,FORTUNA DUESSELDORF,Germany,14.11.1990,14,11,1990,23,185,Ivory Coast,3,0
375453,ANDRE ALMEIDA,Defender,19,SL BENFICA,Portugal,10.09.1990,10,09,1990,23,185,Portugal,3,0
356710,RUBEN GABRIEL,Midfielder,4,KV WAASLAND-BEVEREN,Belgium,25.09.1990,25,09,1990,23,184,Nigeria,10,0
364088,FAOUZI GHOULAM,Defender,3,SSC NAPOLI,Italy,01.02.1991,01,02,1991,23,184,Algeria,5,0
356712,JUWON OSHANIWA,Defender,13,FC ASHDOD,Israel,14.09.1990,14,09,1990,23,184,Nigeria,9,0
312116,GASTON RAMIREZ,Midfielder,18,SOUTHAMPTON FC,England,02.12.1990,02,12,1990,23,183,Uruguay,28,0
358869,GEORGY SHCHENNIKOV,Defender,3,CSKA MOSCOW,Russia,27.04.1991,27,04,1991,23,179,Russia,3,0
379942,RIYAD MAHREZ,Forward,21,LEICESTER CITY FC,England,21.02.1991,21,02,1991,23,179,Algeria,1,0
321736,GOTOKU SAKAI,Defender,3,VFB STUTTGART,Germany,14.03.1991,14,03,1991,23,176,Japan,12,0
379974,WAYLON FRANCIS,Defender,12,COLUMBUS CREW,USA,20.09.1990,20,09,1990,23,175,Costa Rica,1,0
356466,HOTARU YAMAGUCHI,Midfielder,16,CEREZO OSAKA,Japan,06.10.1990,06,10,1990,23,173,Japan,11,0
371042,ISAAC BRIZUELA,Midfielder,17,DEPORTIVO TOLUCA FC,Mexico,28.08.1990,28,08,1990,23,173,Mexico,7,0
269071,DANIEL OPARE,Defender,4,STANDARD LIEGE,Belgium,18.10.1990,18,10,1990,23,172,Ghana,16,0
336869,ALEX IBARRA,Midfielder,5,VITESSE ARNHEIM,Netherlands,20.01.1991,20,01,1991,23,171,Ecuador,17,0
270400,LUIS GARRIDO,Midfielder,19,CD OLIMPIA,Honduras,05.11.1990,05,11,1990,23,170,Honduras,19,0
358106,THIBAUT COURTOIS,Goalkeeper,1,ATLETICO MADRID,Spain,11.05.1992,11,05,1992,22,198,Belgium,16,0
320375,JOEL MATIP,Midfielder,21,FC SCHALKE 04,Germany,08.08.1991,08,08,1991,22,194,Cameroon,22,0
313021,STEFAN DE VRIJ,Defender,3,FEYENOORD ROTTERDAM,Netherlands,05.02.1992,05,02,1992,22,190,Netherlands,11,0
379808,TINO SVEN SUSIC,Midfielder,14,HNK HAJDUK SPLIT,Croatia,13.02.1992,13,02,1992,22,186,Bosnia & Herzegovina,2,0
376349,WILLIAM,Midfielder,6,SPORTING CP,Portugal,07.04.1992,07,04,1992,22,185,Portugal,3,0
358009,PHIL JONES,Defender,16,MANCHESTER UNITED FC,England,21.02.1992,21,02,1992,22,185,England,9,0
376285,AISSA MANDI,Defender,20,STADE DE REIMS,France,22.10.1991,22,10,1991,22,184,Algeria,2,0
358885,MAKSIM KANUNNIKOV,Forward,6,FK AMKAR PERM,Russia,14.07.1991,14,07,1991,22,184,Russia,2,0
336485,SIME VRSALJKO,Defender,2,GENOA CFC,Italy,10.01.1992,10,01,1992,22,183,Croatia,6,0
379952,ERIK DURM,Defender,15,BORUSSIA DORTMUND,Germany,12.05.1992,12,05,1992,22,183,Germany,1,0
313051,JOEL VELTMAN,Defender,13,AFC AJAX,Netherlands,15.01.1992,15,01,1992,22,183,Netherlands,2,0
339117,MATY RYAN,Goalkeeper,1,CLUB BRUGGE KV,Belgium,08.04.1992,08,04,1992,22,181,Australia,6,0
379164,BEN HALLORAN,Forward,10,FORTUNA DUESSELDORF,Germany,14.06.1992,14,06,1992,22,180,Australia,1,0
306364,JASON DAVIDSON,Defender,3,SC HERACLES ALMELO,Netherlands,29.06.1991,29,06,1991,22,179,Australia,6,0
346731,BAKHTIAR RAHMANI,Midfielder,18,FOOLAD KHUZESTAN FC,Iran,23.09.1991,23,09,1991,22,179,Iran,3,0
307541,YELTSIN TEJEDA,Midfielder,17,DEPORTIVO SAPRISSA,Costa Rica,17.03.1992,17,03,1992,22,179,Costa Rica,22,0
355859,LOIC FEUDJOU,Goalkeeper,1,COTON SPORT FC,Cameroon,14.04.1992,14,04,1992,22,178,Cameroon,1,0
313410,KOKE,Midfielder,17,ATLETICO MADRID,Spain,08.01.1992,08,01,1992,22,178,Spain,7,0
330565,JACK WILSHERE,Midfielder,7,ARSENAL FC,England,01.01.1992,01,01,1992,22,172,England,16,0
315614,SANTIAGO ARIAS,Defender,4,PSV EINDHOVEN,Netherlands,13.01.1992,13,01,1992,22,171,Columbia,5,0
358732,JORDY CLASIE,Midfielder,16,FEYENOORD ROTTERDAM,Netherlands,27.06.1991,27,06,1991,22,169,Netherlands,8,0
380004,SAYOUBA MANDE,Goalkeeper,23,STABAEK IF,Norway,15.06.1993,15,06,1993,21,193,Ivory Coast,1,0
373555,JOHN BROOKS,Defender,6,HERTHA BSC,Germany,28.01.1993,28,01,1993,21,193,USA,4,0
359440,RAPHAEL VARANE,Defender,4,REAL MADRID CF,Spain,25.04.1993,25,04,1993,21,191,France,5,0
308082,DIEGO REYES,Defender,5,FC PORTO,Portugal,19.09.1992,19,09,1992,21,189,Mexico,14,0
369546,EDER BALANTA,Defender,16,CA RIVER PLATE,Argentina,28.02.1993,28,02,1993,21,181,Columbia,2,0
313559,RICARDO RODRIGUEZ,Defender,13,VFL WOLFSBURG,Germany,25.08.1992,25,08,1992,21,180,Switzerland,21,0
376360,ISMAEL DIOMANDE,Midfielder,14,AS SAINT-ETIENNE,France,28.08.1992,28,08,1992,21,180,Ivory Coast,1,0
367557,JEAN DANIEL AKPA,Defender,7,TOULOUSE FC,France,11.10.1992,11,10,1992,21,180,Ivory Coast,1,0
359223,MATTIA DE SCIGLIO,Defender,2,AC MILAN,Italy,20.10.1992,20,10,1992,21,179,Italy,10,0
358101,MUHAMED BESIC,Midfielder,7,FERENCVAROSI TC,Hungary,10.09.1992,10,09,1992,21,177,Bosnia & Herzegovina,9,0
370522,SERGE AURIER,Defender,17,TOULOUSE FC,France,24.12.1992,24,12,1992,21,176,Ivory Coast,7,0
339116,MASSIMO LUONGO,Midfielder,21,SWINDON TOWN FC,England,25.09.1992,25,09,1992,21,176,Australia,1,0
380060,CEDRIC DJEUGOUE,Defender,4,COTON SPORT FC,Cameroon,28.08.1992,28,08,1992,21,175,Cameroon,3,0
368708,RAFA,Forward,15,SPORTING BRAGA,Portugal,17.05.1993,17,05,1993,21,173,Portugal,2,0
315436,RAMON AZEEZ,Midfielder,15,UD ALMERIA,Spain,12.12.1992,12,12,1992,21,170,Nigeria,1,0
356704,JUAN QUINTERO,Midfielder,20,FC PORTO,Portugal,18.01.1993,18,01,1993,21,168,Columbia,4,0
312014,MICHAEL BABATUNDE,Forward,18,FC VOLYN LUTSK,Ukraine,24.12.1992,24,12,1992,21,165,Nigeria,4,0
336791,EDGAR SALLI,Midfielder,20,RC LENS,France,17.08.1992,17,08,1992,21,163,Cameroon,8,0
370469,RASHID SUMAILA,Defender,15,MAMELODI SUNDOWNS FC,South Africa,18.12.1992,18,12,1992,21,160,Ghana,8,0
362645,STEFANOS KAPINO,Goalkeeper,13,PANATHINAIKOS FC,Greece,18.03.1994,18,03,1994,20,196,Greece,2,0
379736,MATTHIAS GINTER,Defender,3,SC FREIBURG,Germany,19.01.1994,19,01,1994,20,187,Germany,2,0
369392,ROSS BARKLEY,Midfielder,21,EVERTON FC,England,05.12.1993,05,12,1993,20,185,England,4,0
315424,KENNETH OMERUO,Defender,22,MIDDLESBROUGH FC,England,17.10.1993,17,10,1993,20,185,Nigeria,17,0
376230,SEAD KOLASINAC,Defender,5,FC SCHALKE 04,Germany,20.06.1993,20,06,1993,20,183,Bosnia & Herzegovina,4,0
336085,TERENCE KONGOLO,Defender,14,FEYENOORD ROTTERDAM,Netherlands,14.02.1994,14,02,1994,20,183,Netherlands,1,0
339987,MATEO KOVACIC,Midfielder,20,FC INTERNAZIONALE,Italy,06.05.1994,06,05,1994,20,181,Croatia,9,0
368860,LUCAS DIGNE,Defender,17,PARIS SAINT-GERMAIN FC,France,20.07.1993,20,07,1993,20,179,France,2,0
336098,MEMPHIS DEPAY,Forward,21,PSV EINDHOVEN,Netherlands,13.02.1994,13,02,1994,20,178,Netherlands,6,0
368973,DEANDRE YEDLIN,Defender,2,SEATTLE SOUNDERS FC,USA,09.07.1993,09,07,1993,20,175,USA,4,0
379939,NABIL BENTALEB,Midfielder,14,TOTTENHAM HOTSPUR FC,England,24.11.1994,24,11,1994,19,189,Algeria,2,0
379911,DIVOCK ORIGI,Forward,17,LILLE OSC,France,18.04.1995,18,04,1995,19,185,Belgium,1,0
368655,JOSE GIMENEZ,Defender,13,ATLETICO MADRID,Spain,20.01.1995,20,01,1995,19,184,Uruguay,5,0
369094,JULIAN GREEN,Midfielder,16,FC BAYERN MUENCHEN,Germany,06.06.1995,06,06,1995,19,172,USA,2,0
332827,CARLOS GRUEZO,Midfielder,23,VFB STUTTGART,Germany,19.04.1995,19,04,1995,19,171,Ecuador,2,0
336043,RAHEEM STERLING,Midfielder,19,LIVERPOOL FC,England,08.12.1994,08,12,1994,19,170,England,3,0
336450,LUKE SHAW,Defender,23,SOUTHAMPTON FC,England,12.07.1995,12,07,1995,18,184,England,1,0
319482,RODRIGO MUNOZ,Goalkeeper,12,CLUB LIBERTAD,Paraguay,22.01.1982,22,01,1982,32,185,Uruguay,0,0
367415,JASMIN FEJZIC,Goalkeeper,12,VFR AALEN,Germany,15.05.1986,15,05,1986,28,198,Bosnia & Herzegovina,0,0
380663,SAMMY BOSSUT,Goalkeeper,13,SV ZULTE WAREGEM,Belgium,11.08.1985,11,08,1985,28,187,Belgium,0,0
306818,LEE BUMYOUNG,Goalkeeper,23,BUSAN IPARK FC,South Korea,02.04.1989,02,04,1989,25,199,South Korea,0,0
360642,CAMILO VARGAS,Goalkeeper,12,INDEPENDIENTE SANTA FE,Columbia,09.03.1989,09,03,1989,25,185,Columbia,0,0
269859,DAVID DE GEA,Goalkeeper,12,MANCHESTER UNITED FC,England,07.11.1990,07,11,1990,23,190,Spain,0,0
356676,ROMAN BUERKI,Goalkeeper,21,GRASSHOPPER CLUB,Switzerland,14.11.1990,14,11,1990,23,188,Switzerland,0,0
369026,OLIVER ZELENIKA,Goalkeeper,12,NK LOKOMOTIVA ZAGREB,Croatia,14.05.1993,14,05,1993,21,192,Croatia,0,0
309420,MATTIA PERIN,Goalkeeper,13,GENOA CFC,Italy,10.11.1992,10,11,1992,21,188,Italy,0,0
379165,BAILEY WRIGHT,Defender,8,PRESTON NORTH END FC,England,28.07.1992,28,07,1992,21,184,Australia,0,0
369050,IVAN MOCINIC,Midfielder,15,HNK RIJEKA,Croatia,30.04.1993,30,04,1993,21,180,Croatia,0,0
380000,MARCELO BROZOVIC,Midfielder,14,GNK DINAMO ZAGREB,Croatia,16.11.1992,16,11,1992,21,180,Croatia,0,0
380009,LUIS LOPEZ,Goalkeeper,1,REAL ESPANA,Honduras,13.09.1993,13,09,1993,20,182,Honduras,0,0
379910,ADNAN JANUZAJ,Midfielder,20,MANCHESTER UNITED FC,England,05.02.1995,05,02,1995,19,180,Belgium,0,0
